dp,minDist,param1,param2,minRadius,maxRadius,f1_score
1.0,21.0,150.0,19.0,7.0,20.0,0.6627833819019471
1.0,21.0,250.0,19.0,7.0,20.0,0.6627833819019471
1.0,21.0,300.0,19.0,7.0,20.0,0.6627833819019471
1.0,21.0,200.0,19.0,7.0,20.0,0.6627833819019471
1.0,24.0,150.0,19.0,7.0,20.0,0.6578307287872646
1.0,24.0,300.0,19.0,7.0,20.0,0.6578307287872646
1.0,24.0,200.0,19.0,7.0,20.0,0.6578307287872646
1.0,24.0,250.0,19.0,7.0,20.0,0.6578307287872646
1.0,18.0,250.0,19.0,7.0,20.0,0.656608698254325
1.0,18.0,150.0,19.0,7.0,20.0,0.656608698254325
1.0,18.0,200.0,19.0,7.0,20.0,0.656608698254325
1.0,18.0,300.0,19.0,7.0,20.0,0.656608698254325
1.0,21.0,150.0,20.0,5.0,20.0,0.6532245897641134
1.0,21.0,300.0,20.0,5.0,20.0,0.6532245897641134
1.0,21.0,200.0,20.0,5.0,20.0,0.6532245897641134
1.0,21.0,250.0,20.0,5.0,20.0,0.6532245897641134
1.0,24.0,250.0,18.0,7.0,20.0,0.6511434706149699
1.0,24.0,300.0,18.0,7.0,20.0,0.6511434706149699
1.0,24.0,200.0,18.0,7.0,20.0,0.6511434706149699
1.0,24.0,150.0,18.0,7.0,20.0,0.6511434706149699
1.0,24.0,300.0,20.0,5.0,20.0,0.6506194628669978
1.0,24.0,250.0,20.0,5.0,20.0,0.6506194628669978
1.0,24.0,200.0,20.0,5.0,20.0,0.6506194628669978
1.0,24.0,150.0,20.0,5.0,20.0,0.6506194628669978
1.0,27.0,250.0,19.0,7.0,20.0,0.6468955155920842
1.0,27.0,200.0,19.0,7.0,20.0,0.6468955155920842
1.0,27.0,150.0,19.0,7.0,20.0,0.6468955155920842
1.0,27.0,300.0,19.0,7.0,20.0,0.6468955155920842
1.0,21.0,150.0,18.0,7.0,20.0,0.6461970380957672
1.0,21.0,300.0,18.0,7.0,20.0,0.6461970380957672
1.0,21.0,250.0,18.0,7.0,20.0,0.6461970380957672
1.0,21.0,200.0,18.0,7.0,20.0,0.6461970380957672
1.0,15.0,150.0,19.0,7.0,20.0,0.6455167582325818
1.0,15.0,200.0,19.0,7.0,20.0,0.6455167582325818
1.0,15.0,300.0,19.0,7.0,20.0,0.6455167582325818
1.0,15.0,250.0,19.0,7.0,20.0,0.6455167582325818
1.0,18.0,150.0,20.0,5.0,20.0,0.6417252786992127
1.0,18.0,250.0,20.0,5.0,20.0,0.6417252786992127
1.0,18.0,200.0,20.0,5.0,20.0,0.6417252786992127
1.0,18.0,300.0,20.0,5.0,20.0,0.6417252786992127
1.0,27.0,250.0,18.0,7.0,20.0,0.6403014997442175
1.0,27.0,200.0,18.0,7.0,20.0,0.6403014997442175
1.0,27.0,300.0,18.0,7.0,20.0,0.6403014997442175
1.0,27.0,150.0,18.0,7.0,20.0,0.6403014997442175
1.0,24.0,250.0,19.0,5.0,20.0,0.6402025689850406
1.0,24.0,200.0,19.0,5.0,20.0,0.6402025689850406
1.0,24.0,150.0,19.0,5.0,20.0,0.6402025689850406
1.0,24.0,300.0,19.0,5.0,20.0,0.6402025689850406
1.0,24.0,200.0,15.0,5.0,15.0,0.6397805537642572
1.0,24.0,150.0,15.0,5.0,15.0,0.6397805537642572
1.0,24.0,300.0,15.0,5.0,15.0,0.6397805537642572
1.0,24.0,250.0,15.0,5.0,15.0,0.6397805537642572
1.0,21.0,200.0,17.0,9.0,20.0,0.6395118943528993
1.0,21.0,150.0,17.0,9.0,20.0,0.6395118943528993
1.0,21.0,250.0,17.0,9.0,20.0,0.6395118943528993
1.0,21.0,300.0,17.0,9.0,20.0,0.6395118943528993
1.0,24.0,250.0,17.0,9.0,20.0,0.6374822547620673
1.0,24.0,150.0,17.0,9.0,20.0,0.6374822547620673
1.0,24.0,200.0,17.0,9.0,20.0,0.6374822547620673
1.0,24.0,300.0,17.0,9.0,20.0,0.6374822547620673
1.0,27.0,300.0,20.0,5.0,20.0,0.6367131047433291
1.0,27.0,250.0,20.0,5.0,20.0,0.6367131047433291
1.0,27.0,200.0,20.0,5.0,20.0,0.6367131047433291
1.0,27.0,150.0,20.0,5.0,20.0,0.6367131047433291
1.0,21.0,250.0,18.0,9.0,20.0,0.6361210450347957
1.0,21.0,150.0,18.0,9.0,20.0,0.6361210450347957
1.0,21.0,200.0,18.0,9.0,20.0,0.6361210450347957
1.0,21.0,300.0,18.0,9.0,20.0,0.6361210450347957
1.0,21.0,200.0,19.0,5.0,20.0,0.6356594909499846
1.0,21.0,300.0,19.0,5.0,20.0,0.6356594909499846
1.0,21.0,150.0,19.0,5.0,20.0,0.6356594909499846
1.0,21.0,250.0,19.0,5.0,20.0,0.6356594909499846
1.0,27.0,150.0,19.0,5.0,20.0,0.6356281418777221
1.0,27.0,250.0,19.0,5.0,20.0,0.6356281418777221
1.0,27.0,300.0,19.0,5.0,20.0,0.6356281418777221
1.0,27.0,200.0,19.0,5.0,20.0,0.6356281418777221
1.0,21.0,300.0,16.0,5.0,15.0,0.6335993035623181
1.0,21.0,250.0,16.0,5.0,15.0,0.6335993035623181
1.0,21.0,200.0,16.0,5.0,15.0,0.6335993035623181
1.0,21.0,150.0,16.0,5.0,15.0,0.6335993035623181
1.0,21.0,150.0,20.0,7.0,20.0,0.6335532345138313
1.0,21.0,250.0,20.0,7.0,20.0,0.6335532345138313
1.0,21.0,300.0,20.0,7.0,20.0,0.6335532345138313
1.0,21.0,200.0,20.0,7.0,20.0,0.6335532345138313
1.0,18.0,200.0,18.0,9.0,20.0,0.6327914162911297
1.0,18.0,300.0,18.0,9.0,20.0,0.6327914162911297
1.0,18.0,150.0,18.0,9.0,20.0,0.6327914162911297
1.0,18.0,250.0,18.0,9.0,20.0,0.6327914162911297
1.0,21.0,200.0,15.0,5.0,15.0,0.6324566377332146
1.0,21.0,250.0,15.0,5.0,15.0,0.6324566377332146
1.0,21.0,300.0,15.0,5.0,15.0,0.6324566377332146
1.0,21.0,150.0,15.0,5.0,15.0,0.6324566377332146
1.0,21.0,200.0,23.0,7.0,25.0,0.6323998646377216
1.0,21.0,250.0,23.0,7.0,25.0,0.6323998646377216
1.0,21.0,300.0,23.0,7.0,25.0,0.6323998646377216
1.0,21.0,150.0,23.0,7.0,25.0,0.6323998646377216
1.0,18.0,150.0,17.0,9.0,20.0,0.6321075865460258
1.0,18.0,300.0,17.0,9.0,20.0,0.6321075865460258
1.0,18.0,250.0,17.0,9.0,20.0,0.6321075865460258
1.0,18.0,200.0,17.0,9.0,20.0,0.6321075865460258
1.0,18.0,150.0,16.0,5.0,15.0,0.6312304927715691
1.0,18.0,250.0,16.0,5.0,15.0,0.6312304927715691
1.0,18.0,300.0,16.0,5.0,15.0,0.6312304927715691
1.0,18.0,200.0,16.0,5.0,15.0,0.6312304927715691
1.0,18.0,250.0,20.0,7.0,20.0,0.6311740109761872
1.0,18.0,150.0,20.0,7.0,20.0,0.6311740109761872
1.0,18.0,300.0,20.0,7.0,20.0,0.6311740109761872
1.0,18.0,200.0,20.0,7.0,20.0,0.6311740109761872
1.0,24.0,200.0,18.0,9.0,20.0,0.6309012578000139
1.0,24.0,300.0,18.0,9.0,20.0,0.6309012578000139
1.0,24.0,250.0,18.0,9.0,20.0,0.6309012578000139
1.0,24.0,150.0,18.0,9.0,20.0,0.6309012578000139
1.0,18.0,250.0,18.0,7.0,20.0,0.6306082828879167
1.0,18.0,300.0,18.0,7.0,20.0,0.6306082828879167
1.0,18.0,200.0,18.0,7.0,20.0,0.6306082828879167
1.0,18.0,150.0,18.0,7.0,20.0,0.6306082828879167
1.0,24.0,300.0,16.0,5.0,15.0,0.6298677942424509
1.0,24.0,200.0,16.0,5.0,15.0,0.6298677942424509
1.0,24.0,150.0,16.0,5.0,15.0,0.6298677942424509
1.0,24.0,250.0,16.0,5.0,15.0,0.6298677942424509
1.0,24.0,250.0,23.0,7.0,25.0,0.6295461806060597
1.0,24.0,200.0,23.0,7.0,25.0,0.6295461806060597
1.0,24.0,300.0,23.0,7.0,25.0,0.6295461806060597
1.0,24.0,150.0,23.0,7.0,25.0,0.6295461806060597
1.0,21.0,150.0,24.0,5.0,25.0,0.6291379977728864
1.0,21.0,300.0,24.0,5.0,25.0,0.6291379977728864
1.0,21.0,200.0,24.0,5.0,25.0,0.6291379977728864
1.0,21.0,250.0,24.0,5.0,25.0,0.6291379977728864
1.0,15.0,150.0,20.0,5.0,20.0,0.6289675713387695
1.0,15.0,200.0,20.0,5.0,20.0,0.6289675713387695
1.0,15.0,250.0,20.0,5.0,20.0,0.6289675713387695
1.0,15.0,300.0,20.0,5.0,20.0,0.6289675713387695
1.0,24.0,200.0,22.0,7.0,25.0,0.6285027065616529
1.0,24.0,250.0,22.0,7.0,25.0,0.6285027065616529
1.0,24.0,150.0,22.0,7.0,25.0,0.6285027065616529
1.0,24.0,300.0,22.0,7.0,25.0,0.6285027065616529
1.0,15.0,150.0,20.0,7.0,20.0,0.6280802519484512
1.0,15.0,250.0,20.0,7.0,20.0,0.6280802519484512
1.0,15.0,300.0,20.0,7.0,20.0,0.6280802519484512
1.0,15.0,200.0,20.0,7.0,20.0,0.6280802519484512
1.0,15.0,300.0,18.0,9.0,20.0,0.6271842501164143
1.0,15.0,250.0,18.0,9.0,20.0,0.6271842501164143
1.0,15.0,150.0,18.0,9.0,20.0,0.6271842501164143
1.0,15.0,200.0,18.0,9.0,20.0,0.6271842501164143
1.0,27.0,250.0,15.0,5.0,15.0,0.6270902904049592
1.0,27.0,150.0,15.0,5.0,15.0,0.6270902904049592
1.0,27.0,200.0,15.0,5.0,15.0,0.6270902904049592
1.0,27.0,300.0,15.0,5.0,15.0,0.6270902904049592
1.0,21.0,200.0,22.0,7.0,25.0,0.6263149142686011
1.0,21.0,300.0,22.0,7.0,25.0,0.6263149142686011
1.0,21.0,150.0,22.0,7.0,25.0,0.6263149142686011
1.0,21.0,250.0,22.0,7.0,25.0,0.6263149142686011
1.0,27.0,300.0,22.0,7.0,25.0,0.6256555134350801
1.0,27.0,150.0,22.0,7.0,25.0,0.6256555134350801
1.0,27.0,250.0,22.0,7.0,25.0,0.6256555134350801
1.0,27.0,200.0,22.0,7.0,25.0,0.6256555134350801
1.0,24.0,250.0,17.0,7.0,20.0,0.6245482133445726
1.0,24.0,150.0,17.0,7.0,20.0,0.6245482133445726
1.0,24.0,300.0,17.0,7.0,20.0,0.6245482133445726
1.0,24.0,200.0,17.0,7.0,20.0,0.6245482133445726
1.0,18.0,250.0,23.0,7.0,25.0,0.6245295690780938
1.0,18.0,150.0,23.0,7.0,25.0,0.6245295690780938
1.0,18.0,200.0,23.0,7.0,25.0,0.6245295690780938
1.0,18.0,300.0,23.0,7.0,25.0,0.6245295690780938
1.0,24.0,300.0,24.0,5.0,25.0,0.624263361000523
1.0,24.0,150.0,24.0,5.0,25.0,0.624263361000523
1.0,24.0,200.0,24.0,5.0,25.0,0.624263361000523
1.0,24.0,250.0,24.0,5.0,25.0,0.624263361000523
1.0,21.0,150.0,21.0,5.0,20.0,0.6239000973573432
1.0,21.0,300.0,21.0,5.0,20.0,0.6239000973573432
1.0,21.0,250.0,21.0,5.0,20.0,0.6239000973573432
1.0,21.0,200.0,21.0,5.0,20.0,0.6239000973573432
1.0,27.0,150.0,17.0,7.0,20.0,0.6236959270119596
1.0,27.0,200.0,17.0,7.0,20.0,0.6236959270119596
1.0,27.0,250.0,17.0,7.0,20.0,0.6236959270119596
1.0,27.0,300.0,17.0,7.0,20.0,0.6236959270119596
1.0,24.0,300.0,20.0,7.0,20.0,0.6236759822827823
1.0,24.0,150.0,20.0,7.0,20.0,0.6236759822827823
1.0,24.0,250.0,20.0,7.0,20.0,0.6236759822827823
1.0,24.0,200.0,20.0,7.0,20.0,0.6236759822827823
1.0,27.0,300.0,17.0,9.0,20.0,0.6227216036726478
1.0,27.0,250.0,17.0,9.0,20.0,0.6227216036726478
1.0,27.0,200.0,17.0,9.0,20.0,0.6227216036726478
1.0,27.0,150.0,17.0,9.0,20.0,0.6227216036726478
1.0,18.0,250.0,21.0,5.0,20.0,0.6225007738852999
1.0,18.0,300.0,21.0,5.0,20.0,0.6225007738852999
1.0,18.0,150.0,21.0,5.0,20.0,0.6225007738852999
1.0,18.0,200.0,21.0,5.0,20.0,0.6225007738852999
1.0,24.0,300.0,16.0,9.0,20.0,0.6213159749754227
1.0,24.0,150.0,16.0,9.0,20.0,0.6213159749754227
1.0,24.0,250.0,16.0,9.0,20.0,0.6213159749754227
1.0,24.0,200.0,16.0,9.0,20.0,0.6213159749754227
1.0,15.0,200.0,16.0,5.0,15.0,0.6209133698416625
1.0,15.0,150.0,16.0,5.0,15.0,0.6209133698416625
1.0,15.0,250.0,16.0,5.0,15.0,0.6209133698416625
1.0,15.0,300.0,16.0,5.0,15.0,0.6209133698416625
1.0,27.0,200.0,18.0,5.0,20.0,0.6204886029368297
1.0,27.0,150.0,18.0,5.0,20.0,0.6204886029368297
1.0,27.0,300.0,18.0,5.0,20.0,0.6204886029368297
1.0,27.0,250.0,18.0,5.0,20.0,0.6204886029368297
1.0,27.0,250.0,23.0,7.0,25.0,0.6200967490863418
1.0,27.0,150.0,23.0,7.0,25.0,0.6200967490863418
1.0,27.0,300.0,23.0,7.0,25.0,0.6200967490863418
1.0,27.0,200.0,23.0,7.0,25.0,0.6200967490863418
1.0,18.0,250.0,19.0,5.0,20.0,0.6199078782618836
1.0,18.0,200.0,19.0,5.0,20.0,0.6199078782618836
1.0,18.0,300.0,19.0,5.0,20.0,0.6199078782618836
1.0,18.0,150.0,19.0,5.0,20.0,0.6199078782618836
1.0,24.0,250.0,23.0,5.0,25.0,0.6194600965452034
1.0,24.0,300.0,23.0,5.0,25.0,0.6194600965452034
1.0,24.0,200.0,23.0,5.0,25.0,0.6194600965452034
1.0,24.0,150.0,23.0,5.0,25.0,0.6194600965452034
1.0,21.0,300.0,16.0,9.0,20.0,0.618833899680918
1.0,21.0,250.0,16.0,9.0,20.0,0.618833899680918
1.0,21.0,200.0,16.0,9.0,20.0,0.618833899680918
1.0,21.0,150.0,16.0,9.0,20.0,0.618833899680918
1.0,24.0,250.0,21.0,9.0,25.0,0.618792266120198
1.0,24.0,150.0,21.0,9.0,25.0,0.618792266120198
1.0,24.0,300.0,21.0,9.0,25.0,0.618792266120198
1.0,24.0,200.0,21.0,9.0,25.0,0.618792266120198
1.0,27.0,150.0,18.0,9.0,20.0,0.6184650037137089
1.0,27.0,250.0,18.0,9.0,20.0,0.6184650037137089
1.0,27.0,200.0,18.0,9.0,20.0,0.6184650037137089
1.0,27.0,300.0,18.0,9.0,20.0,0.6184650037137089
1.0,18.0,300.0,24.0,5.0,25.0,0.6182162574511156
1.0,18.0,200.0,24.0,5.0,25.0,0.6182162574511156
1.0,18.0,250.0,24.0,5.0,25.0,0.6182162574511156
1.0,18.0,150.0,24.0,5.0,25.0,0.6182162574511156
1.0,21.0,250.0,23.0,5.0,25.0,0.6178840194222409
1.0,21.0,200.0,23.0,5.0,25.0,0.6178840194222409
1.0,21.0,300.0,23.0,5.0,25.0,0.6178840194222409
1.0,21.0,150.0,23.0,5.0,25.0,0.6178840194222409
1.0,15.0,300.0,21.0,5.0,20.0,0.6169805357156093
1.0,15.0,250.0,21.0,5.0,20.0,0.6169805357156093
1.0,15.0,200.0,21.0,5.0,20.0,0.6169805357156093
1.0,15.0,150.0,21.0,5.0,20.0,0.6169805357156093
1.0,15.0,200.0,17.0,9.0,20.0,0.6161458050833581
1.0,15.0,300.0,17.0,9.0,20.0,0.6161458050833581
1.0,15.0,150.0,17.0,9.0,20.0,0.6161458050833581
1.0,15.0,250.0,17.0,9.0,20.0,0.6161458050833581
1.0,27.0,150.0,24.0,5.0,25.0,0.6155102722717007
1.0,27.0,300.0,24.0,5.0,25.0,0.6155102722717007
1.0,27.0,250.0,24.0,5.0,25.0,0.6155102722717007
1.0,27.0,200.0,24.0,5.0,25.0,0.6155102722717007
1.0,24.0,300.0,21.0,5.0,20.0,0.6154441285511669
1.0,24.0,250.0,21.0,5.0,20.0,0.6154441285511669
1.0,24.0,150.0,21.0,5.0,20.0,0.6154441285511669
1.0,24.0,200.0,21.0,5.0,20.0,0.6154441285511669
1.0,24.0,150.0,18.0,5.0,20.0,0.6152176168389185
1.0,24.0,300.0,18.0,5.0,20.0,0.6152176168389185
1.0,24.0,250.0,18.0,5.0,20.0,0.6152176168389185
1.0,24.0,200.0,18.0,5.0,20.0,0.6152176168389185
1.0,27.0,150.0,16.0,9.0,20.0,0.6150675887753206
1.0,27.0,200.0,16.0,9.0,20.0,0.6150675887753206
1.0,27.0,300.0,16.0,9.0,20.0,0.6150675887753206
1.0,27.0,250.0,16.0,9.0,20.0,0.6150675887753206
1.0,21.0,250.0,21.0,9.0,25.0,0.6149859511765826
1.0,21.0,200.0,21.0,9.0,25.0,0.6149859511765826
1.0,21.0,300.0,21.0,9.0,25.0,0.6149859511765826
1.0,21.0,150.0,21.0,9.0,25.0,0.6149859511765826
1.0,27.0,300.0,23.0,5.0,25.0,0.6143384932998667
1.0,27.0,250.0,23.0,5.0,25.0,0.6143384932998667
1.0,27.0,150.0,23.0,5.0,25.0,0.6143384932998667
1.0,27.0,200.0,23.0,5.0,25.0,0.6143384932998667
1.0,18.0,300.0,24.0,7.0,25.0,0.6127445879466767
1.0,18.0,200.0,24.0,7.0,25.0,0.6127445879466767
1.0,18.0,150.0,24.0,7.0,25.0,0.6127445879466767
1.0,18.0,250.0,24.0,7.0,25.0,0.6127445879466767
1.0,21.0,250.0,24.0,7.0,25.0,0.612284940429664
1.0,21.0,200.0,24.0,7.0,25.0,0.612284940429664
1.0,21.0,300.0,24.0,7.0,25.0,0.612284940429664
1.0,21.0,150.0,24.0,7.0,25.0,0.612284940429664
1.0,27.0,150.0,20.0,7.0,20.0,0.6121731958173042
1.0,27.0,200.0,20.0,7.0,20.0,0.6121731958173042
1.0,27.0,250.0,20.0,7.0,20.0,0.6121731958173042
1.0,27.0,300.0,20.0,7.0,20.0,0.6121731958173042
1.0,21.0,150.0,22.0,9.0,25.0,0.6103683223096874
1.0,21.0,250.0,22.0,9.0,25.0,0.6103683223096874
1.0,21.0,200.0,22.0,9.0,25.0,0.6103683223096874
1.0,21.0,300.0,22.0,9.0,25.0,0.6103683223096874
1.0,24.0,300.0,24.0,7.0,25.0,0.6090460462214283
1.0,24.0,200.0,24.0,7.0,25.0,0.6090460462214283
1.0,24.0,150.0,24.0,7.0,25.0,0.6090460462214283
1.0,24.0,250.0,24.0,7.0,25.0,0.6090460462214283
1.0,18.0,150.0,22.0,9.0,25.0,0.6090022325489816
1.0,18.0,250.0,22.0,9.0,25.0,0.6090022325489816
1.0,18.0,200.0,22.0,9.0,25.0,0.6090022325489816
1.0,18.0,300.0,22.0,9.0,25.0,0.6090022325489816
1.0,18.0,150.0,21.0,9.0,25.0,0.6084809495150059
1.0,18.0,250.0,21.0,9.0,25.0,0.6084809495150059
1.0,18.0,200.0,21.0,9.0,25.0,0.6084809495150059
1.0,18.0,300.0,21.0,9.0,25.0,0.6084809495150059
1.0,24.0,250.0,21.0,7.0,25.0,0.6083911243439991
1.0,24.0,150.0,21.0,7.0,25.0,0.6083911243439991
1.0,24.0,300.0,21.0,7.0,25.0,0.6083911243439991
1.0,24.0,200.0,21.0,7.0,25.0,0.6083911243439991
1.0,18.0,200.0,22.0,7.0,25.0,0.6083159272034666
1.0,18.0,250.0,22.0,7.0,25.0,0.6083159272034666
1.0,18.0,150.0,22.0,7.0,25.0,0.6083159272034666
1.0,18.0,300.0,22.0,7.0,25.0,0.6083159272034666
1.0,27.0,150.0,16.0,5.0,15.0,0.6078665616917989
1.0,27.0,200.0,16.0,5.0,15.0,0.6078665616917989
1.0,27.0,250.0,16.0,5.0,15.0,0.6078665616917989
1.0,27.0,300.0,16.0,5.0,15.0,0.6078665616917989
1.0,18.0,300.0,15.0,5.0,15.0,0.6077121650109585
1.0,18.0,250.0,15.0,5.0,15.0,0.6077121650109585
1.0,18.0,150.0,15.0,5.0,15.0,0.6077121650109585
1.0,18.0,200.0,15.0,5.0,15.0,0.6077121650109585
1.0,15.0,150.0,23.0,7.0,25.0,0.6075634170803512
1.0,15.0,300.0,23.0,7.0,25.0,0.6075634170803512
1.0,15.0,250.0,23.0,7.0,25.0,0.6075634170803512
1.0,15.0,200.0,23.0,7.0,25.0,0.6075634170803512
1.0,15.0,150.0,18.0,7.0,20.0,0.6073802223188213
1.0,15.0,300.0,18.0,7.0,20.0,0.6073802223188213
1.0,15.0,200.0,18.0,7.0,20.0,0.6073802223188213
1.0,15.0,250.0,18.0,7.0,20.0,0.6073802223188213
1.0,24.0,150.0,22.0,9.0,25.0,0.6073095227409189
1.0,24.0,200.0,22.0,9.0,25.0,0.6073095227409189
1.0,24.0,300.0,22.0,9.0,25.0,0.6073095227409189
1.0,24.0,250.0,22.0,9.0,25.0,0.6073095227409189
1.0,27.0,150.0,20.0,9.0,25.0,0.6071167283099235
1.0,27.0,200.0,20.0,9.0,25.0,0.6071167283099235
1.0,27.0,300.0,20.0,9.0,25.0,0.6071167283099235
1.0,27.0,250.0,20.0,9.0,25.0,0.6071167283099235
1.0,24.0,250.0,20.0,9.0,25.0,0.6070515437170566
1.0,24.0,200.0,20.0,9.0,25.0,0.6070515437170566
1.0,24.0,300.0,20.0,9.0,25.0,0.6070515437170566
1.0,24.0,150.0,20.0,9.0,25.0,0.6070515437170566
1.0,21.0,250.0,17.0,7.0,20.0,0.6069433569269875
1.0,21.0,200.0,17.0,7.0,20.0,0.6069433569269875
1.0,21.0,300.0,17.0,7.0,20.0,0.6069433569269875
1.0,21.0,150.0,17.0,7.0,20.0,0.6069433569269875
1.0,27.0,200.0,21.0,7.0,25.0,0.6065320849900225
1.0,27.0,250.0,21.0,7.0,25.0,0.6065320849900225
1.0,27.0,150.0,21.0,7.0,25.0,0.6065320849900225
1.0,27.0,300.0,21.0,7.0,25.0,0.6065320849900225
1.0,15.0,250.0,24.0,7.0,25.0,0.6061754480268403
1.0,15.0,150.0,24.0,7.0,25.0,0.6061754480268403
1.0,15.0,200.0,24.0,7.0,25.0,0.6061754480268403
1.0,15.0,300.0,24.0,7.0,25.0,0.6061754480268403
1.0,27.0,200.0,21.0,9.0,25.0,0.605660221185018
1.0,27.0,150.0,21.0,9.0,25.0,0.605660221185018
1.0,27.0,300.0,21.0,9.0,25.0,0.605660221185018
1.0,27.0,250.0,21.0,9.0,25.0,0.605660221185018
1.0,24.0,150.0,22.0,5.0,25.0,0.6054573096340627
1.0,24.0,300.0,22.0,5.0,25.0,0.6054573096340627
1.0,24.0,200.0,22.0,5.0,25.0,0.6054573096340627
1.0,24.0,250.0,22.0,5.0,25.0,0.6054573096340627
1.0,24.0,150.0,15.0,9.0,20.0,0.6046701844026724
1.0,24.0,300.0,15.0,9.0,20.0,0.6046701844026724
1.0,24.0,200.0,15.0,9.0,20.0,0.6046701844026724
1.0,24.0,250.0,15.0,9.0,20.0,0.6046701844026724
1.0,27.0,250.0,15.0,9.0,20.0,0.6046662389886766
1.0,27.0,150.0,15.0,9.0,20.0,0.6046662389886766
1.0,27.0,200.0,15.0,9.0,20.0,0.6046662389886766
1.0,27.0,300.0,15.0,9.0,20.0,0.6046662389886766
1.0,18.0,150.0,23.0,5.0,25.0,0.6045884524028897
1.0,18.0,250.0,23.0,5.0,25.0,0.6045884524028897
1.0,18.0,200.0,23.0,5.0,25.0,0.6045884524028897
1.0,18.0,300.0,23.0,5.0,25.0,0.6045884524028897
1.0,27.0,200.0,22.0,5.0,25.0,0.6031818447318874
1.0,27.0,300.0,22.0,5.0,25.0,0.6031818447318874
1.0,27.0,250.0,22.0,5.0,25.0,0.6031818447318874
1.0,27.0,150.0,22.0,5.0,25.0,0.6031818447318874
1.0,21.0,300.0,18.0,5.0,20.0,0.6029034044587814
1.0,21.0,200.0,18.0,5.0,20.0,0.6029034044587814
1.0,21.0,150.0,18.0,5.0,20.0,0.6029034044587814
1.0,21.0,250.0,18.0,5.0,20.0,0.6029034044587814
1.0,15.0,150.0,24.0,5.0,25.0,0.6018821641425632
1.0,15.0,300.0,24.0,5.0,25.0,0.6018821641425632
1.0,15.0,250.0,24.0,5.0,25.0,0.6018821641425632
1.0,15.0,200.0,24.0,5.0,25.0,0.6018821641425632
1.0,27.0,300.0,16.0,7.0,20.0,0.6018414997188346
1.0,27.0,250.0,16.0,7.0,20.0,0.6018414997188346
1.0,27.0,200.0,16.0,7.0,20.0,0.6018414997188346
1.0,27.0,150.0,16.0,7.0,20.0,0.6018414997188346
1.0,21.0,300.0,20.0,9.0,25.0,0.6011722117961571
1.0,21.0,150.0,20.0,9.0,25.0,0.6011722117961571
1.0,21.0,200.0,20.0,9.0,25.0,0.6011722117961571
1.0,21.0,250.0,20.0,9.0,25.0,0.6011722117961571
1.0,24.0,250.0,16.0,7.0,20.0,0.6002644466912735
1.0,24.0,200.0,16.0,7.0,20.0,0.6002644466912735
1.0,24.0,150.0,16.0,7.0,20.0,0.6002644466912735
1.0,24.0,300.0,16.0,7.0,20.0,0.6002644466912735
1.0,27.0,150.0,17.0,5.0,20.0,0.6000518877755031
1.0,27.0,250.0,17.0,5.0,20.0,0.6000518877755031
1.0,27.0,200.0,17.0,5.0,20.0,0.6000518877755031
1.0,27.0,300.0,17.0,5.0,20.0,0.6000518877755031
1.0,27.0,250.0,21.0,5.0,20.0,0.5996399459413839
1.0,27.0,150.0,21.0,5.0,20.0,0.5996399459413839
1.0,27.0,200.0,21.0,5.0,20.0,0.5996399459413839
1.0,27.0,300.0,21.0,5.0,20.0,0.5996399459413839
1.0,18.0,300.0,16.0,9.0,20.0,0.5990630728894673
1.0,18.0,250.0,16.0,9.0,20.0,0.5990630728894673
1.0,18.0,200.0,16.0,9.0,20.0,0.5990630728894673
1.0,18.0,150.0,16.0,9.0,20.0,0.5990630728894673
1.0,27.0,200.0,22.0,9.0,25.0,0.5976100291271984
1.0,27.0,150.0,22.0,9.0,25.0,0.5976100291271984
1.0,27.0,250.0,22.0,9.0,25.0,0.5976100291271984
1.0,27.0,300.0,22.0,9.0,25.0,0.5976100291271984
1.0,15.0,200.0,22.0,9.0,25.0,0.5967678114489626
1.0,15.0,150.0,22.0,9.0,25.0,0.5967678114489626
1.0,15.0,250.0,22.0,9.0,25.0,0.5967678114489626
1.0,15.0,300.0,22.0,9.0,25.0,0.5967678114489626
1.0,21.0,150.0,21.0,7.0,25.0,0.5960336225161887
1.0,21.0,250.0,21.0,7.0,25.0,0.5960336225161887
1.0,21.0,300.0,21.0,7.0,25.0,0.5960336225161887
1.0,21.0,200.0,21.0,7.0,25.0,0.5960336225161887
1.0,27.0,300.0,24.0,7.0,25.0,0.5959585433912299
1.0,27.0,200.0,24.0,7.0,25.0,0.5959585433912299
1.0,27.0,250.0,24.0,7.0,25.0,0.5959585433912299
1.0,27.0,150.0,24.0,7.0,25.0,0.5959585433912299
1.0,15.0,150.0,19.0,5.0,20.0,0.595427970559911
1.0,15.0,250.0,19.0,5.0,20.0,0.595427970559911
1.0,15.0,200.0,19.0,5.0,20.0,0.595427970559911
1.0,15.0,300.0,19.0,5.0,20.0,0.595427970559911
1.0,21.0,250.0,22.0,5.0,25.0,0.5935101189075319
1.0,21.0,300.0,22.0,5.0,25.0,0.5935101189075319
1.0,21.0,150.0,22.0,5.0,25.0,0.5935101189075319
1.0,21.0,200.0,22.0,5.0,25.0,0.5935101189075319
1.0,18.0,150.0,23.0,9.0,25.0,0.593112179943059
1.0,18.0,250.0,23.0,9.0,25.0,0.593112179943059
1.0,18.0,300.0,23.0,9.0,25.0,0.593112179943059
1.0,18.0,200.0,23.0,9.0,25.0,0.593112179943059
1.0,21.0,300.0,23.0,9.0,25.0,0.5900971597534578
1.0,21.0,250.0,23.0,9.0,25.0,0.5900971597534578
1.0,21.0,150.0,23.0,9.0,25.0,0.5900971597534578
1.0,21.0,200.0,23.0,9.0,25.0,0.5900971597534578
1.0,27.0,150.0,21.0,5.0,25.0,0.58920186727478
1.0,27.0,200.0,21.0,5.0,25.0,0.58920186727478
1.0,27.0,300.0,21.0,5.0,25.0,0.58920186727478
1.0,27.0,250.0,21.0,5.0,25.0,0.58920186727478
1.0,15.0,300.0,23.0,9.0,25.0,0.5891496492613716
1.0,15.0,250.0,23.0,9.0,25.0,0.5891496492613716
1.0,15.0,150.0,23.0,9.0,25.0,0.5891496492613716
1.0,15.0,200.0,23.0,9.0,25.0,0.5891496492613716
1.0,15.0,300.0,21.0,9.0,25.0,0.5889932239860757
1.0,15.0,250.0,21.0,9.0,25.0,0.5889932239860757
1.0,15.0,150.0,21.0,9.0,25.0,0.5889932239860757
1.0,15.0,200.0,21.0,9.0,25.0,0.5889932239860757
1.0,18.0,150.0,15.0,7.0,15.0,0.5879081900846491
1.0,18.0,250.0,15.0,7.0,15.0,0.5879081900846491
1.0,18.0,300.0,15.0,7.0,15.0,0.5879081900846491
1.0,18.0,200.0,15.0,7.0,15.0,0.5879081900846491
1.0,24.0,200.0,23.0,9.0,25.0,0.5862790323748901
1.0,24.0,300.0,23.0,9.0,25.0,0.5862790323748901
1.0,24.0,150.0,23.0,9.0,25.0,0.5862790323748901
1.0,24.0,250.0,23.0,9.0,25.0,0.5862790323748901
1.0,24.0,300.0,17.0,5.0,20.0,0.5858938012308201
1.0,24.0,150.0,17.0,5.0,20.0,0.5858938012308201
1.0,24.0,250.0,17.0,5.0,20.0,0.5858938012308201
1.0,24.0,200.0,17.0,5.0,20.0,0.5858938012308201
1.0,21.0,300.0,15.0,9.0,20.0,0.585492063863347
1.0,21.0,150.0,15.0,9.0,20.0,0.585492063863347
1.0,21.0,250.0,15.0,9.0,20.0,0.585492063863347
1.0,21.0,200.0,15.0,9.0,20.0,0.585492063863347
1.0,21.0,150.0,15.0,7.0,15.0,0.5836378081373204
1.0,21.0,300.0,15.0,7.0,15.0,0.5836378081373204
1.0,21.0,250.0,15.0,7.0,15.0,0.5836378081373204
1.0,21.0,200.0,15.0,7.0,15.0,0.5836378081373204
1.0,18.0,200.0,20.0,9.0,25.0,0.5835854455750954
1.0,18.0,250.0,20.0,9.0,25.0,0.5835854455750954
1.0,18.0,300.0,20.0,9.0,25.0,0.5835854455750954
1.0,18.0,150.0,20.0,9.0,25.0,0.5835854455750954
1.0,15.0,150.0,15.0,7.0,15.0,0.5834499883783315
1.0,15.0,300.0,15.0,7.0,15.0,0.5834499883783315
1.0,15.0,250.0,15.0,7.0,15.0,0.5834499883783315
1.0,15.0,200.0,15.0,7.0,15.0,0.5834499883783315
1.0,15.0,300.0,22.0,7.0,25.0,0.5822969869472661
1.0,15.0,200.0,22.0,7.0,25.0,0.5822969869472661
1.0,15.0,250.0,22.0,7.0,25.0,0.5822969869472661
1.0,15.0,150.0,22.0,7.0,25.0,0.5822969869472661
1.0,24.0,150.0,21.0,5.0,25.0,0.5822860782148365
1.0,24.0,250.0,21.0,5.0,25.0,0.5822860782148365
1.0,24.0,200.0,21.0,5.0,25.0,0.5822860782148365
1.0,24.0,300.0,21.0,5.0,25.0,0.5822860782148365
1.0,27.0,250.0,15.0,7.0,20.0,0.5818122743040735
1.0,27.0,200.0,15.0,7.0,20.0,0.5818122743040735
1.0,27.0,150.0,15.0,7.0,20.0,0.5818122743040735
1.0,27.0,300.0,15.0,7.0,20.0,0.5818122743040735
1.0,27.0,300.0,19.0,9.0,25.0,0.580647828271166
1.0,27.0,250.0,19.0,9.0,25.0,0.580647828271166
1.0,27.0,150.0,19.0,9.0,25.0,0.580647828271166
1.0,27.0,200.0,19.0,9.0,25.0,0.580647828271166
1.0,15.0,150.0,15.0,5.0,15.0,0.5804146116778894
1.0,15.0,300.0,15.0,5.0,15.0,0.5804146116778894
1.0,15.0,200.0,15.0,5.0,15.0,0.5804146116778894
1.0,15.0,250.0,15.0,5.0,15.0,0.5804146116778894
1.0,18.0,300.0,19.0,9.0,20.0,0.5803740366272723
1.0,18.0,150.0,19.0,9.0,20.0,0.5803740366272723
1.0,18.0,250.0,19.0,9.0,20.0,0.5803740366272723
1.0,18.0,200.0,19.0,9.0,20.0,0.5803740366272723
1.0,27.0,150.0,16.0,5.0,20.0,0.5803726546965137
1.0,27.0,200.0,16.0,5.0,20.0,0.5803726546965137
1.0,27.0,250.0,16.0,5.0,20.0,0.5803726546965137
1.0,27.0,300.0,16.0,5.0,20.0,0.5803726546965137
1.0,15.0,200.0,19.0,9.0,20.0,0.5795889406837014
1.0,15.0,300.0,19.0,9.0,20.0,0.5795889406837014
1.0,15.0,150.0,19.0,9.0,20.0,0.5795889406837014
1.0,15.0,250.0,19.0,9.0,20.0,0.5795889406837014
1.0,27.0,150.0,23.0,9.0,25.0,0.5795007028195932
1.0,27.0,250.0,23.0,9.0,25.0,0.5795007028195932
1.0,27.0,200.0,23.0,9.0,25.0,0.5795007028195932
1.0,27.0,300.0,23.0,9.0,25.0,0.5795007028195932
1.0,18.0,200.0,17.0,7.0,20.0,0.5785796003224379
1.0,18.0,300.0,17.0,7.0,20.0,0.5785796003224379
1.0,18.0,250.0,17.0,7.0,20.0,0.5785796003224379
1.0,18.0,150.0,17.0,7.0,20.0,0.5785796003224379
1.0,21.0,200.0,19.0,9.0,20.0,0.5781619041569308
1.0,21.0,150.0,19.0,9.0,20.0,0.5781619041569308
1.0,21.0,300.0,19.0,9.0,20.0,0.5781619041569308
1.0,21.0,250.0,19.0,9.0,20.0,0.5781619041569308
1.0,24.0,150.0,15.0,7.0,15.0,0.5765443261072871
1.0,24.0,250.0,15.0,7.0,15.0,0.5765443261072871
1.0,24.0,300.0,15.0,7.0,15.0,0.5765443261072871
1.0,24.0,200.0,15.0,7.0,15.0,0.5765443261072871
1.0,21.0,200.0,16.0,7.0,20.0,0.5752845000719569
1.0,21.0,150.0,16.0,7.0,20.0,0.5752845000719569
1.0,21.0,250.0,16.0,7.0,20.0,0.5752845000719569
1.0,21.0,300.0,16.0,7.0,20.0,0.5752845000719569
1.0,27.0,200.0,20.0,7.0,25.0,0.5752764818770879
1.0,27.0,300.0,20.0,7.0,25.0,0.5752764818770879
1.0,27.0,250.0,20.0,7.0,25.0,0.5752764818770879
1.0,27.0,150.0,20.0,7.0,25.0,0.5752764818770879
1.0,18.0,200.0,18.0,5.0,20.0,0.5752520852921497
1.0,18.0,150.0,18.0,5.0,20.0,0.5752520852921497
1.0,18.0,250.0,18.0,5.0,20.0,0.5752520852921497
1.0,18.0,300.0,18.0,5.0,20.0,0.5752520852921497
1.0,24.0,150.0,19.0,9.0,25.0,0.5751671976848713
1.0,24.0,200.0,19.0,9.0,25.0,0.5751671976848713
1.0,24.0,300.0,19.0,9.0,25.0,0.5751671976848713
1.0,24.0,250.0,19.0,9.0,25.0,0.5751671976848713
1.0,15.0,300.0,23.0,5.0,25.0,0.5747710036596154
1.0,15.0,250.0,23.0,5.0,25.0,0.5747710036596154
1.0,15.0,200.0,23.0,5.0,25.0,0.5747710036596154
1.0,15.0,150.0,23.0,5.0,25.0,0.5747710036596154
1.0,24.0,300.0,20.0,7.0,25.0,0.57288361823236
1.0,24.0,150.0,20.0,7.0,25.0,0.57288361823236
1.0,24.0,250.0,20.0,7.0,25.0,0.57288361823236
1.0,24.0,200.0,20.0,7.0,25.0,0.57288361823236
1.0,15.0,300.0,16.0,9.0,20.0,0.5720966189457327
1.0,15.0,200.0,16.0,9.0,20.0,0.5720966189457327
1.0,15.0,250.0,16.0,9.0,20.0,0.5720966189457327
1.0,15.0,150.0,16.0,9.0,20.0,0.5720966189457327
1.0,18.0,150.0,21.0,7.0,25.0,0.5706106329352061
1.0,18.0,200.0,21.0,7.0,25.0,0.5706106329352061
1.0,18.0,300.0,21.0,7.0,25.0,0.5706106329352061
1.0,18.0,250.0,21.0,7.0,25.0,0.5706106329352061
1.0,24.0,150.0,19.0,9.0,20.0,0.5689810074015407
1.0,24.0,250.0,19.0,9.0,20.0,0.5689810074015407
1.0,24.0,300.0,19.0,9.0,20.0,0.5689810074015407
1.0,24.0,200.0,19.0,9.0,20.0,0.5689810074015407
1.0,18.0,300.0,22.0,5.0,25.0,0.5688849811312859
1.0,18.0,250.0,22.0,5.0,25.0,0.5688849811312859
1.0,18.0,200.0,22.0,5.0,25.0,0.5688849811312859
1.0,18.0,150.0,22.0,5.0,25.0,0.5688849811312859
1.0,18.0,250.0,17.0,5.0,15.0,0.5684065324865983
1.0,18.0,200.0,17.0,5.0,15.0,0.5684065324865983
1.0,18.0,150.0,17.0,5.0,15.0,0.5684065324865983
1.0,18.0,300.0,17.0,5.0,15.0,0.5684065324865983
1.0,27.0,150.0,15.0,5.0,20.0,0.5676687043880987
1.0,27.0,200.0,15.0,5.0,20.0,0.5676687043880987
1.0,27.0,250.0,15.0,5.0,20.0,0.5676687043880987
1.0,27.0,300.0,15.0,5.0,20.0,0.5676687043880987
1.0,24.0,300.0,15.0,7.0,20.0,0.5649554496866304
1.0,24.0,250.0,15.0,7.0,20.0,0.5649554496866304
1.0,24.0,200.0,15.0,7.0,20.0,0.5649554496866304
1.0,24.0,150.0,15.0,7.0,20.0,0.5649554496866304
1.0,15.0,300.0,17.0,5.0,15.0,0.5648822605965207
1.0,15.0,250.0,17.0,5.0,15.0,0.5648822605965207
1.0,15.0,200.0,17.0,5.0,15.0,0.5648822605965207
1.0,15.0,150.0,17.0,5.0,15.0,0.5648822605965207
1.0,24.0,150.0,16.0,5.0,20.0,0.5642654170649517
1.0,24.0,200.0,16.0,5.0,20.0,0.5642654170649517
1.0,24.0,250.0,16.0,5.0,20.0,0.5642654170649517
1.0,24.0,300.0,16.0,5.0,20.0,0.5642654170649517
1.0,21.0,300.0,19.0,9.0,25.0,0.5641853784585743
1.0,21.0,250.0,19.0,9.0,25.0,0.5641853784585743
1.0,21.0,200.0,19.0,9.0,25.0,0.5641853784585743
1.0,21.0,150.0,19.0,9.0,25.0,0.5641853784585743
1.0,21.0,250.0,17.0,5.0,20.0,0.5633707546284237
1.0,21.0,200.0,17.0,5.0,20.0,0.5633707546284237
1.0,21.0,150.0,17.0,5.0,20.0,0.5633707546284237
1.0,21.0,300.0,17.0,5.0,20.0,0.5633707546284237
1.0,21.0,300.0,17.0,5.0,15.0,0.5618638422058562
1.0,21.0,150.0,17.0,5.0,15.0,0.5618638422058562
1.0,21.0,200.0,17.0,5.0,15.0,0.5618638422058562
1.0,21.0,250.0,17.0,5.0,15.0,0.5618638422058562
1.0,21.0,300.0,21.0,5.0,25.0,0.561225742807132
1.0,21.0,250.0,21.0,5.0,25.0,0.561225742807132
1.0,21.0,200.0,21.0,5.0,25.0,0.561225742807132
1.0,21.0,150.0,21.0,5.0,25.0,0.561225742807132
1.0,27.0,300.0,18.0,9.0,25.0,0.5608733390770737
1.0,27.0,250.0,18.0,9.0,25.0,0.5608733390770737
1.0,27.0,200.0,18.0,9.0,25.0,0.5608733390770737
1.0,27.0,150.0,18.0,9.0,25.0,0.5608733390770737
1.0,27.0,300.0,19.0,7.0,25.0,0.5608085862975907
1.0,27.0,250.0,19.0,7.0,25.0,0.5608085862975907
1.0,27.0,150.0,19.0,7.0,25.0,0.5608085862975907
1.0,27.0,200.0,19.0,7.0,25.0,0.5608085862975907
1.0,27.0,150.0,20.0,5.0,25.0,0.5599743392971286
1.0,27.0,250.0,20.0,5.0,25.0,0.5599743392971286
1.0,27.0,300.0,20.0,5.0,25.0,0.5599743392971286
1.0,27.0,200.0,20.0,5.0,25.0,0.5599743392971286
1.0,21.0,150.0,20.0,7.0,25.0,0.5580663465730237
1.0,21.0,300.0,20.0,7.0,25.0,0.5580663465730237
1.0,21.0,250.0,20.0,7.0,25.0,0.5580663465730237
1.0,21.0,200.0,20.0,7.0,25.0,0.5580663465730237
1.0,27.0,300.0,19.0,9.0,20.0,0.55765207735675
1.0,27.0,250.0,19.0,9.0,20.0,0.55765207735675
1.0,27.0,200.0,19.0,9.0,20.0,0.55765207735675
1.0,27.0,150.0,19.0,9.0,20.0,0.55765207735675
1.0,24.0,150.0,18.0,9.0,25.0,0.5569604403781891
1.0,24.0,300.0,18.0,9.0,25.0,0.5569604403781891
1.0,24.0,200.0,18.0,9.0,25.0,0.5569604403781891
1.0,24.0,250.0,18.0,9.0,25.0,0.5569604403781891
1.0,24.0,300.0,20.0,5.0,25.0,0.5546227337014277
1.0,24.0,250.0,20.0,5.0,25.0,0.5546227337014277
1.0,24.0,200.0,20.0,5.0,25.0,0.5546227337014277
1.0,24.0,150.0,20.0,5.0,25.0,0.5546227337014277
1.0,24.0,250.0,17.0,5.0,15.0,0.5545265545537454
1.0,24.0,200.0,17.0,5.0,15.0,0.5545265545537454
1.0,24.0,300.0,17.0,5.0,15.0,0.5545265545537454
1.0,24.0,150.0,17.0,5.0,15.0,0.5545265545537454
1.0,18.0,300.0,15.0,9.0,20.0,0.5532605698977613
1.0,18.0,200.0,15.0,9.0,20.0,0.5532605698977613
1.0,18.0,150.0,15.0,9.0,20.0,0.5532605698977613
1.0,18.0,250.0,15.0,9.0,20.0,0.5532605698977613
1.0,15.0,150.0,20.0,9.0,25.0,0.5510157974932967
1.0,15.0,200.0,20.0,9.0,25.0,0.5510157974932967
1.0,15.0,300.0,20.0,9.0,25.0,0.5510157974932967
1.0,15.0,250.0,20.0,9.0,25.0,0.5510157974932967
1.0,24.0,300.0,19.0,7.0,25.0,0.5485912107983704
1.0,24.0,200.0,19.0,7.0,25.0,0.5485912107983704
1.0,24.0,150.0,19.0,7.0,25.0,0.5485912107983704
1.0,24.0,250.0,19.0,7.0,25.0,0.5485912107983704
1.0,27.0,150.0,15.0,7.0,15.0,0.548236498410189
1.0,27.0,200.0,15.0,7.0,15.0,0.548236498410189
1.0,27.0,250.0,15.0,7.0,15.0,0.548236498410189
1.0,27.0,300.0,15.0,7.0,15.0,0.548236498410189
1.0,24.0,200.0,15.0,5.0,20.0,0.542504743404899
1.0,24.0,250.0,15.0,5.0,20.0,0.542504743404899
1.0,24.0,150.0,15.0,5.0,20.0,0.542504743404899
1.0,24.0,300.0,15.0,5.0,20.0,0.542504743404899
1.0,18.0,150.0,19.0,9.0,25.0,0.5419225791483122
1.0,18.0,200.0,19.0,9.0,25.0,0.5419225791483122
1.0,18.0,250.0,19.0,9.0,25.0,0.5419225791483122
1.0,18.0,300.0,19.0,9.0,25.0,0.5419225791483122
1.0,15.0,250.0,17.0,7.0,20.0,0.5413912586061859
1.0,15.0,150.0,17.0,7.0,20.0,0.5413912586061859
1.0,15.0,200.0,17.0,7.0,20.0,0.5413912586061859
1.0,15.0,300.0,17.0,7.0,20.0,0.5413912586061859
1.0,21.0,300.0,15.0,7.0,20.0,0.5404205089101436
1.0,21.0,150.0,15.0,7.0,20.0,0.5404205089101436
1.0,21.0,200.0,15.0,7.0,20.0,0.5404205089101436
1.0,21.0,250.0,15.0,7.0,20.0,0.5404205089101436
1.0,18.0,200.0,22.0,5.0,20.0,0.539536926131275
1.0,18.0,250.0,22.0,5.0,20.0,0.539536926131275
1.0,18.0,300.0,22.0,5.0,20.0,0.539536926131275
1.0,18.0,150.0,22.0,5.0,20.0,0.539536926131275
1.0,15.0,150.0,22.0,5.0,20.0,0.5388938015776992
1.0,15.0,250.0,22.0,5.0,20.0,0.5388938015776992
1.0,15.0,300.0,22.0,5.0,20.0,0.5388938015776992
1.0,15.0,200.0,22.0,5.0,20.0,0.5388938015776992
1.0,15.0,200.0,18.0,5.0,20.0,0.5385598349664799
1.0,15.0,150.0,18.0,5.0,20.0,0.5385598349664799
1.0,15.0,250.0,18.0,5.0,20.0,0.5385598349664799
1.0,15.0,300.0,18.0,5.0,20.0,0.5385598349664799
1.0,27.0,200.0,18.0,7.0,25.0,0.5379759648764965
1.0,27.0,150.0,18.0,7.0,25.0,0.5379759648764965
1.0,27.0,300.0,18.0,7.0,25.0,0.5379759648764965
1.0,27.0,250.0,18.0,7.0,25.0,0.5379759648764965
1.0,21.0,150.0,22.0,5.0,20.0,0.535865365432571
1.0,21.0,200.0,22.0,5.0,20.0,0.535865365432571
1.0,21.0,300.0,22.0,5.0,20.0,0.535865365432571
1.0,21.0,250.0,22.0,5.0,20.0,0.535865365432571
1.0,27.0,300.0,17.0,9.0,25.0,0.5356016672184493
1.0,27.0,150.0,17.0,9.0,25.0,0.5356016672184493
1.0,27.0,250.0,17.0,9.0,25.0,0.5356016672184493
1.0,27.0,200.0,17.0,9.0,25.0,0.5356016672184493
1.0,27.0,200.0,19.0,5.0,25.0,0.535277067839724
1.0,27.0,150.0,19.0,5.0,25.0,0.535277067839724
1.0,27.0,300.0,19.0,5.0,25.0,0.535277067839724
1.0,27.0,250.0,19.0,5.0,25.0,0.535277067839724
1.0,21.0,250.0,16.0,5.0,20.0,0.5351166663782645
1.0,21.0,150.0,16.0,5.0,20.0,0.5351166663782645
1.0,21.0,200.0,16.0,5.0,20.0,0.5351166663782645
1.0,21.0,300.0,16.0,5.0,20.0,0.5351166663782645
1.0,18.0,200.0,21.0,7.0,20.0,0.5339324198050344
1.0,18.0,150.0,21.0,7.0,20.0,0.5339324198050344
1.0,18.0,250.0,21.0,7.0,20.0,0.5339324198050344
1.0,18.0,300.0,21.0,7.0,20.0,0.5339324198050344
1.0,21.0,300.0,18.0,9.0,25.0,0.5334678176756109
1.0,21.0,200.0,18.0,9.0,25.0,0.5334678176756109
1.0,21.0,250.0,18.0,9.0,25.0,0.5334678176756109
1.0,21.0,150.0,18.0,9.0,25.0,0.5334678176756109
1.0,21.0,150.0,21.0,7.0,20.0,0.5327540280210602
1.0,21.0,200.0,21.0,7.0,20.0,0.5327540280210602
1.0,21.0,300.0,21.0,7.0,20.0,0.5327540280210602
1.0,21.0,250.0,21.0,7.0,20.0,0.5327540280210602
1.0,18.0,200.0,16.0,7.0,20.0,0.5325904757527186
1.0,18.0,300.0,16.0,7.0,20.0,0.5325904757527186
1.0,18.0,150.0,16.0,7.0,20.0,0.5325904757527186
1.0,18.0,250.0,16.0,7.0,20.0,0.5325904757527186
1.0,15.0,150.0,21.0,7.0,20.0,0.5320859034710494
1.0,15.0,200.0,21.0,7.0,20.0,0.5320859034710494
1.0,15.0,300.0,21.0,7.0,20.0,0.5320859034710494
1.0,15.0,250.0,21.0,7.0,20.0,0.5320859034710494
1.0,24.0,300.0,19.0,5.0,25.0,0.5306913106566413
1.0,24.0,250.0,19.0,5.0,25.0,0.5306913106566413
1.0,24.0,200.0,19.0,5.0,25.0,0.5306913106566413
1.0,24.0,150.0,19.0,5.0,25.0,0.5306913106566413
1.0,15.0,300.0,21.0,7.0,25.0,0.5301491561334585
1.0,15.0,250.0,21.0,7.0,25.0,0.5301491561334585
1.0,15.0,200.0,21.0,7.0,25.0,0.5301491561334585
1.0,15.0,150.0,21.0,7.0,25.0,0.5301491561334585
1.0,21.0,300.0,20.0,5.0,25.0,0.5300301385788736
1.0,21.0,250.0,20.0,5.0,25.0,0.5300301385788736
1.0,21.0,150.0,20.0,5.0,25.0,0.5300301385788736
1.0,21.0,200.0,20.0,5.0,25.0,0.5300301385788736
1.0,24.0,300.0,18.0,7.0,25.0,0.5298421334765986
1.0,24.0,150.0,18.0,7.0,25.0,0.5298421334765986
1.0,24.0,200.0,18.0,7.0,25.0,0.5298421334765986
1.0,24.0,250.0,18.0,7.0,25.0,0.5298421334765986
1.0,15.0,250.0,22.0,5.0,25.0,0.529789723581357
1.0,15.0,200.0,22.0,5.0,25.0,0.529789723581357
1.0,15.0,150.0,22.0,5.0,25.0,0.529789723581357
1.0,15.0,300.0,22.0,5.0,25.0,0.529789723581357
1.0,24.0,150.0,17.0,9.0,25.0,0.5295445578993346
1.0,24.0,300.0,17.0,9.0,25.0,0.5295445578993346
1.0,24.0,200.0,17.0,9.0,25.0,0.5295445578993346
1.0,24.0,250.0,17.0,9.0,25.0,0.5295445578993346
1.0,18.0,200.0,20.0,7.0,25.0,0.5291382984484714
1.0,18.0,150.0,20.0,7.0,25.0,0.5291382984484714
1.0,18.0,250.0,20.0,7.0,25.0,0.5291382984484714
1.0,18.0,300.0,20.0,7.0,25.0,0.5291382984484714
1.0,18.0,300.0,17.0,5.0,20.0,0.5282557969069873
1.0,18.0,150.0,17.0,5.0,20.0,0.5282557969069873
1.0,18.0,250.0,17.0,5.0,20.0,0.5282557969069873
1.0,18.0,200.0,17.0,5.0,20.0,0.5282557969069873
1.0,21.0,200.0,19.0,7.0,25.0,0.5280108714132647
1.0,21.0,300.0,19.0,7.0,25.0,0.5280108714132647
1.0,21.0,150.0,19.0,7.0,25.0,0.5280108714132647
1.0,21.0,250.0,19.0,7.0,25.0,0.5280108714132647
1.0,27.0,300.0,17.0,5.0,15.0,0.5279970657455597
1.0,27.0,150.0,17.0,5.0,15.0,0.5279970657455597
1.0,27.0,200.0,17.0,5.0,15.0,0.5279970657455597
1.0,27.0,250.0,17.0,5.0,15.0,0.5279970657455597
1.0,18.0,250.0,21.0,5.0,25.0,0.5270819560240978
1.0,18.0,200.0,21.0,5.0,25.0,0.5270819560240978
1.0,18.0,150.0,21.0,5.0,25.0,0.5270819560240978
1.0,18.0,300.0,21.0,5.0,25.0,0.5270819560240978
1.0,24.0,300.0,22.0,5.0,20.0,0.5265753967067572
1.0,24.0,150.0,22.0,5.0,20.0,0.5265753967067572
1.0,24.0,250.0,22.0,5.0,20.0,0.5265753967067572
1.0,24.0,200.0,22.0,5.0,20.0,0.5265753967067572
1.0,24.0,150.0,21.0,7.0,20.0,0.5229308391303144
1.0,24.0,200.0,21.0,7.0,20.0,0.5229308391303144
1.0,24.0,300.0,21.0,7.0,20.0,0.5229308391303144
1.0,24.0,250.0,21.0,7.0,20.0,0.5229308391303144
1.0,27.0,300.0,17.0,7.0,25.0,0.5197690170536641
1.0,27.0,250.0,17.0,7.0,25.0,0.5197690170536641
1.0,27.0,200.0,17.0,7.0,25.0,0.5197690170536641
1.0,27.0,150.0,17.0,7.0,25.0,0.5197690170536641
1.0,27.0,150.0,16.0,9.0,25.0,0.5196310246744132
1.0,27.0,200.0,16.0,9.0,25.0,0.5196310246744132
1.0,27.0,250.0,16.0,9.0,25.0,0.5196310246744132
1.0,27.0,300.0,16.0,9.0,25.0,0.5196310246744132
1.0,27.0,200.0,18.0,5.0,25.0,0.5179615266459873
1.0,27.0,300.0,18.0,5.0,25.0,0.5179615266459873
1.0,27.0,150.0,18.0,5.0,25.0,0.5179615266459873
1.0,27.0,250.0,18.0,5.0,25.0,0.5179615266459873
1.0,27.0,250.0,15.0,9.0,25.0,0.5152662697907503
1.0,27.0,300.0,15.0,9.0,25.0,0.5152662697907503
1.0,27.0,200.0,15.0,9.0,25.0,0.5152662697907503
1.0,27.0,150.0,15.0,9.0,25.0,0.5152662697907503
1.0,15.0,250.0,15.0,9.0,20.0,0.5117229169751453
1.0,15.0,200.0,15.0,9.0,20.0,0.5117229169751453
1.0,15.0,300.0,15.0,9.0,20.0,0.5117229169751453
1.0,15.0,150.0,15.0,9.0,20.0,0.5117229169751453
1.0,27.0,300.0,17.0,5.0,25.0,0.5108900380009985
1.0,27.0,250.0,17.0,5.0,25.0,0.5108900380009985
1.0,27.0,200.0,17.0,5.0,25.0,0.5108900380009985
1.0,27.0,150.0,17.0,5.0,25.0,0.5108900380009985
1.0,27.0,200.0,21.0,7.0,20.0,0.5106655011109781
1.0,27.0,250.0,21.0,7.0,20.0,0.5106655011109781
1.0,27.0,300.0,21.0,7.0,20.0,0.5106655011109781
1.0,27.0,150.0,21.0,7.0,20.0,0.5106655011109781
1.0,27.0,300.0,22.0,5.0,20.0,0.5101417190888564
1.0,27.0,150.0,22.0,5.0,20.0,0.5101417190888564
1.0,27.0,250.0,22.0,5.0,20.0,0.5101417190888564
1.0,27.0,200.0,22.0,5.0,20.0,0.5101417190888564
1.0,24.0,200.0,18.0,5.0,25.0,0.5092905809471309
1.0,24.0,250.0,18.0,5.0,25.0,0.5092905809471309
1.0,24.0,150.0,18.0,5.0,25.0,0.5092905809471309
1.0,24.0,300.0,18.0,5.0,25.0,0.5092905809471309
1.0,24.0,300.0,16.0,9.0,25.0,0.5092898891022745
1.0,24.0,250.0,16.0,9.0,25.0,0.5092898891022745
1.0,24.0,150.0,16.0,9.0,25.0,0.5092898891022745
1.0,24.0,200.0,16.0,9.0,25.0,0.5092898891022745
1.0,24.0,150.0,17.0,7.0,25.0,0.5072305690608364
1.0,24.0,200.0,17.0,7.0,25.0,0.5072305690608364
1.0,24.0,300.0,17.0,7.0,25.0,0.5072305690608364
1.0,24.0,250.0,17.0,7.0,25.0,0.5072305690608364
1.0,27.0,250.0,16.0,7.0,25.0,0.5069955507571282
1.0,27.0,300.0,16.0,7.0,25.0,0.5069955507571282
1.0,27.0,150.0,16.0,7.0,25.0,0.5069955507571282
1.0,27.0,200.0,16.0,7.0,25.0,0.5069955507571282
1.0,21.0,150.0,15.0,5.0,20.0,0.5059640065274214
1.0,21.0,300.0,15.0,5.0,20.0,0.5059640065274214
1.0,21.0,250.0,15.0,5.0,20.0,0.5059640065274214
1.0,21.0,200.0,15.0,5.0,20.0,0.5059640065274214
1.0,21.0,250.0,17.0,9.0,25.0,0.5044385552701539
1.0,21.0,300.0,17.0,9.0,25.0,0.5044385552701539
1.0,21.0,200.0,17.0,9.0,25.0,0.5044385552701539
1.0,21.0,150.0,17.0,9.0,25.0,0.5044385552701539
1.0,27.0,150.0,16.0,5.0,25.0,0.5020566379381535
1.0,27.0,300.0,16.0,5.0,25.0,0.5020566379381535
1.0,27.0,250.0,16.0,5.0,25.0,0.5020566379381535
1.0,27.0,200.0,16.0,5.0,25.0,0.5020566379381535
1.0,21.0,200.0,24.0,9.0,25.0,0.5018464197695327
1.0,21.0,150.0,24.0,9.0,25.0,0.5018464197695327
1.0,21.0,250.0,24.0,9.0,25.0,0.5018464197695327
1.0,21.0,300.0,24.0,9.0,25.0,0.5018464197695327
1.0,18.0,300.0,24.0,9.0,25.0,0.501407689751659
1.0,18.0,250.0,24.0,9.0,25.0,0.501407689751659
1.0,18.0,150.0,24.0,9.0,25.0,0.501407689751659
1.0,18.0,200.0,24.0,9.0,25.0,0.501407689751659
1.0,15.0,150.0,24.0,9.0,25.0,0.501073711623259
1.0,15.0,200.0,24.0,9.0,25.0,0.501073711623259
1.0,15.0,250.0,24.0,9.0,25.0,0.501073711623259
1.0,15.0,300.0,24.0,9.0,25.0,0.501073711623259
1.0,21.0,300.0,18.0,7.0,25.0,0.5007967513236422
1.0,21.0,250.0,18.0,7.0,25.0,0.5007967513236422
1.0,21.0,150.0,18.0,7.0,25.0,0.5007967513236422
1.0,21.0,200.0,18.0,7.0,25.0,0.5007967513236422
1.0,21.0,150.0,19.0,5.0,25.0,0.5001121682157064
1.0,21.0,200.0,19.0,5.0,25.0,0.5001121682157064
1.0,21.0,300.0,19.0,5.0,25.0,0.5001121682157064
1.0,21.0,250.0,19.0,5.0,25.0,0.5001121682157064
1.0,24.0,300.0,24.0,9.0,25.0,0.4998823517695585
1.0,24.0,250.0,24.0,9.0,25.0,0.4998823517695585
1.0,24.0,200.0,24.0,9.0,25.0,0.4998823517695585
1.0,24.0,150.0,24.0,9.0,25.0,0.4998823517695585
1.0,15.0,300.0,19.0,9.0,25.0,0.4989935306104179
1.0,15.0,250.0,19.0,9.0,25.0,0.4989935306104179
1.0,15.0,150.0,19.0,9.0,25.0,0.4989935306104179
1.0,15.0,200.0,19.0,9.0,25.0,0.4989935306104179
1.0,18.0,150.0,18.0,9.0,25.0,0.4985061448787036
1.0,18.0,200.0,18.0,9.0,25.0,0.4985061448787036
1.0,18.0,250.0,18.0,9.0,25.0,0.4985061448787036
1.0,18.0,300.0,18.0,9.0,25.0,0.4985061448787036
1.0,27.0,300.0,15.0,7.0,25.0,0.49687914181122267
1.0,27.0,150.0,15.0,7.0,25.0,0.49687914181122267
1.0,27.0,200.0,15.0,7.0,25.0,0.49687914181122267
1.0,27.0,250.0,15.0,7.0,25.0,0.49687914181122267
1.0,24.0,300.0,17.0,5.0,25.0,0.4964465198183764
1.0,24.0,250.0,17.0,5.0,25.0,0.4964465198183764
1.0,24.0,200.0,17.0,5.0,25.0,0.4964465198183764
1.0,24.0,150.0,17.0,5.0,25.0,0.4964465198183764
1.0,18.0,200.0,15.0,7.0,20.0,0.49554558152043765
1.0,18.0,250.0,15.0,7.0,20.0,0.49554558152043765
1.0,18.0,300.0,15.0,7.0,20.0,0.49554558152043765
1.0,18.0,150.0,15.0,7.0,20.0,0.49554558152043765
1.0,27.0,300.0,24.0,9.0,25.0,0.4943398218829897
1.0,27.0,250.0,24.0,9.0,25.0,0.4943398218829897
1.0,27.0,200.0,24.0,9.0,25.0,0.4943398218829897
1.0,27.0,150.0,24.0,9.0,25.0,0.4943398218829897
1.0,24.0,300.0,16.0,7.0,25.0,0.4921615474446929
1.0,24.0,250.0,16.0,7.0,25.0,0.4921615474446929
1.0,24.0,200.0,16.0,7.0,25.0,0.4921615474446929
1.0,24.0,150.0,16.0,7.0,25.0,0.4921615474446929
1.0,24.0,250.0,15.0,9.0,25.0,0.4918832463103829
1.0,24.0,200.0,15.0,9.0,25.0,0.4918832463103829
1.0,24.0,150.0,15.0,9.0,25.0,0.4918832463103829
1.0,24.0,300.0,15.0,9.0,25.0,0.4918832463103829
1.0,18.0,150.0,20.0,5.0,25.0,0.491318021132888
1.0,18.0,300.0,20.0,5.0,25.0,0.491318021132888
1.0,18.0,250.0,20.0,5.0,25.0,0.491318021132888
1.0,18.0,200.0,20.0,5.0,25.0,0.491318021132888
1.0,27.0,150.0,15.0,5.0,25.0,0.48959779132325565
1.0,27.0,300.0,15.0,5.0,25.0,0.48959779132325565
1.0,27.0,250.0,15.0,5.0,25.0,0.48959779132325565
1.0,27.0,200.0,15.0,5.0,25.0,0.48959779132325565
1.0,18.0,150.0,19.0,7.0,25.0,0.48789862212809954
1.0,18.0,250.0,19.0,7.0,25.0,0.48789862212809954
1.0,18.0,300.0,19.0,7.0,25.0,0.48789862212809954
1.0,18.0,200.0,19.0,7.0,25.0,0.48789862212809954
1.0,18.0,200.0,16.0,5.0,20.0,0.4840939931371926
1.0,18.0,150.0,16.0,5.0,20.0,0.4840939931371926
1.0,18.0,300.0,16.0,5.0,20.0,0.4840939931371926
1.0,18.0,250.0,16.0,5.0,20.0,0.4840939931371926
1.0,15.0,250.0,16.0,7.0,20.0,0.48401844534678534
1.0,15.0,200.0,16.0,7.0,20.0,0.48401844534678534
1.0,15.0,300.0,16.0,7.0,20.0,0.48401844534678534
1.0,15.0,150.0,16.0,7.0,20.0,0.48401844534678534
1.0,24.0,200.0,16.0,5.0,25.0,0.4829345625544597
1.0,24.0,300.0,16.0,5.0,25.0,0.4829345625544597
1.0,24.0,250.0,16.0,5.0,25.0,0.4829345625544597
1.0,24.0,150.0,16.0,5.0,25.0,0.4829345625544597
1.0,15.0,300.0,20.0,7.0,25.0,0.47911278755394027
1.0,15.0,200.0,20.0,7.0,25.0,0.47911278755394027
1.0,15.0,250.0,20.0,7.0,25.0,0.47911278755394027
1.0,15.0,150.0,20.0,7.0,25.0,0.47911278755394027
1.0,21.0,250.0,16.0,9.0,25.0,0.478896984188474
1.0,21.0,300.0,16.0,9.0,25.0,0.478896984188474
1.0,21.0,150.0,16.0,9.0,25.0,0.478896984188474
1.0,21.0,200.0,16.0,9.0,25.0,0.478896984188474
1.0,21.0,150.0,18.0,5.0,25.0,0.4770710131784278
1.0,21.0,200.0,18.0,5.0,25.0,0.4770710131784278
1.0,21.0,300.0,18.0,5.0,25.0,0.4770710131784278
1.0,21.0,250.0,18.0,5.0,25.0,0.4770710131784278
1.0,21.0,300.0,17.0,7.0,25.0,0.4751392209109887
1.0,21.0,250.0,17.0,7.0,25.0,0.4751392209109887
1.0,21.0,200.0,17.0,7.0,25.0,0.4751392209109887
1.0,21.0,150.0,17.0,7.0,25.0,0.4751392209109887
1.0,15.0,300.0,17.0,5.0,20.0,0.4749780839339789
1.0,15.0,250.0,17.0,5.0,20.0,0.4749780839339789
1.0,15.0,200.0,17.0,5.0,20.0,0.4749780839339789
1.0,15.0,150.0,17.0,5.0,20.0,0.4749780839339789
1.0,24.0,300.0,15.0,7.0,25.0,0.4745829067747538
1.0,24.0,200.0,15.0,7.0,25.0,0.4745829067747538
1.0,24.0,150.0,15.0,7.0,25.0,0.4745829067747538
1.0,24.0,250.0,15.0,7.0,25.0,0.4745829067747538
1.0,15.0,200.0,21.0,5.0,25.0,0.47394925777813207
1.0,15.0,150.0,21.0,5.0,25.0,0.47394925777813207
1.0,15.0,250.0,21.0,5.0,25.0,0.47394925777813207
1.0,15.0,300.0,21.0,5.0,25.0,0.47394925777813207
1.0,18.0,300.0,16.0,7.0,15.0,0.4700911158874112
1.0,18.0,150.0,16.0,7.0,15.0,0.4700911158874112
1.0,18.0,250.0,16.0,7.0,15.0,0.4700911158874112
1.0,18.0,200.0,16.0,7.0,15.0,0.4700911158874112
1.0,15.0,250.0,16.0,7.0,15.0,0.46898333076555093
1.0,15.0,300.0,16.0,7.0,15.0,0.46898333076555093
1.0,15.0,150.0,16.0,7.0,15.0,0.46898333076555093
1.0,15.0,200.0,16.0,7.0,15.0,0.46898333076555093
1.0,24.0,250.0,15.0,5.0,25.0,0.46701359603267206
1.0,24.0,150.0,15.0,5.0,25.0,0.46701359603267206
1.0,24.0,300.0,15.0,5.0,25.0,0.46701359603267206
1.0,24.0,200.0,15.0,5.0,25.0,0.46701359603267206
1.0,18.0,250.0,17.0,9.0,25.0,0.46362781816276477
1.0,18.0,150.0,17.0,9.0,25.0,0.46362781816276477
1.0,18.0,200.0,17.0,9.0,25.0,0.46362781816276477
1.0,18.0,300.0,17.0,9.0,25.0,0.46362781816276477
1.0,21.0,300.0,16.0,7.0,15.0,0.4622268567979352
1.0,21.0,250.0,16.0,7.0,15.0,0.4622268567979352
1.0,21.0,200.0,16.0,7.0,15.0,0.4622268567979352
1.0,21.0,150.0,16.0,7.0,15.0,0.4622268567979352
1.0,21.0,250.0,15.0,9.0,25.0,0.462152275211919
1.0,21.0,200.0,15.0,9.0,25.0,0.462152275211919
1.0,21.0,150.0,15.0,9.0,25.0,0.462152275211919
1.0,21.0,300.0,15.0,9.0,25.0,0.462152275211919
1.0,21.0,200.0,17.0,5.0,25.0,0.45893357506843757
1.0,21.0,300.0,17.0,5.0,25.0,0.45893357506843757
1.0,21.0,250.0,17.0,5.0,25.0,0.45893357506843757
1.0,21.0,150.0,17.0,5.0,25.0,0.45893357506843757
1.0,18.0,250.0,20.0,9.0,20.0,0.45820657803739795
1.0,18.0,150.0,20.0,9.0,20.0,0.45820657803739795
1.0,18.0,300.0,20.0,9.0,20.0,0.45820657803739795
1.0,18.0,200.0,20.0,9.0,20.0,0.45820657803739795
1.0,15.0,300.0,20.0,9.0,20.0,0.4576491135550882
1.0,15.0,250.0,20.0,9.0,20.0,0.4576491135550882
1.0,15.0,200.0,20.0,9.0,20.0,0.4576491135550882
1.0,15.0,150.0,20.0,9.0,20.0,0.4576491135550882
1.0,21.0,200.0,20.0,9.0,20.0,0.45647728857202885
1.0,21.0,150.0,20.0,9.0,20.0,0.45647728857202885
1.0,21.0,250.0,20.0,9.0,20.0,0.45647728857202885
1.0,21.0,300.0,20.0,9.0,20.0,0.45647728857202885
1.0,24.0,150.0,16.0,7.0,15.0,0.45575631159032476
1.0,24.0,300.0,16.0,7.0,15.0,0.45575631159032476
1.0,24.0,250.0,16.0,7.0,15.0,0.45575631159032476
1.0,24.0,200.0,16.0,7.0,15.0,0.45575631159032476
1.0,18.0,250.0,18.0,7.0,25.0,0.4557322863675288
1.0,18.0,300.0,18.0,7.0,25.0,0.4557322863675288
1.0,18.0,200.0,18.0,7.0,25.0,0.4557322863675288
1.0,18.0,150.0,18.0,7.0,25.0,0.4557322863675288
1.0,18.0,200.0,15.0,5.0,20.0,0.4553633665681071
1.0,18.0,150.0,15.0,5.0,20.0,0.4553633665681071
1.0,18.0,250.0,15.0,5.0,20.0,0.4553633665681071
1.0,18.0,300.0,15.0,5.0,20.0,0.4553633665681071
1.0,21.0,300.0,16.0,7.0,25.0,0.4547990406875677
1.0,21.0,250.0,16.0,7.0,25.0,0.4547990406875677
1.0,21.0,150.0,16.0,7.0,25.0,0.4547990406875677
1.0,21.0,200.0,16.0,7.0,25.0,0.4547990406875677
1.0,18.0,150.0,19.0,5.0,25.0,0.4535120038000864
1.0,18.0,250.0,19.0,5.0,25.0,0.4535120038000864
1.0,18.0,200.0,19.0,5.0,25.0,0.4535120038000864
1.0,18.0,300.0,19.0,5.0,25.0,0.4535120038000864
1.0,15.0,150.0,18.0,9.0,25.0,0.4507768909957596
1.0,15.0,250.0,18.0,9.0,25.0,0.4507768909957596
1.0,15.0,200.0,18.0,9.0,25.0,0.4507768909957596
1.0,15.0,300.0,18.0,9.0,25.0,0.4507768909957596
1.0,24.0,200.0,20.0,9.0,20.0,0.44807104029877937
1.0,24.0,150.0,20.0,9.0,20.0,0.44807104029877937
1.0,24.0,250.0,20.0,9.0,20.0,0.44807104029877937
1.0,24.0,300.0,20.0,9.0,20.0,0.44807104029877937
1.0,21.0,200.0,16.0,5.0,25.0,0.4422933592804642
1.0,21.0,300.0,16.0,5.0,25.0,0.4422933592804642
1.0,21.0,250.0,16.0,5.0,25.0,0.4422933592804642
1.0,21.0,150.0,16.0,5.0,25.0,0.4422933592804642
1.0,15.0,300.0,18.0,5.0,15.0,0.4399283309452927
1.0,15.0,150.0,18.0,5.0,15.0,0.4399283309452927
1.0,15.0,250.0,18.0,5.0,15.0,0.4399283309452927
1.0,15.0,200.0,18.0,5.0,15.0,0.4399283309452927
1.0,18.0,200.0,18.0,5.0,15.0,0.43985299367583575
1.0,18.0,150.0,18.0,5.0,15.0,0.43985299367583575
1.0,18.0,250.0,18.0,5.0,15.0,0.43985299367583575
1.0,18.0,300.0,18.0,5.0,15.0,0.43985299367583575
1.0,27.0,300.0,20.0,9.0,20.0,0.43965590398982674
1.0,27.0,250.0,20.0,9.0,20.0,0.43965590398982674
1.0,27.0,150.0,20.0,9.0,20.0,0.43965590398982674
1.0,27.0,200.0,20.0,9.0,20.0,0.43965590398982674
1.0,21.0,250.0,15.0,7.0,25.0,0.43695586729867913
1.0,21.0,150.0,15.0,7.0,25.0,0.43695586729867913
1.0,21.0,200.0,15.0,7.0,25.0,0.43695586729867913
1.0,21.0,300.0,15.0,7.0,25.0,0.43695586729867913
1.0,18.0,200.0,16.0,9.0,25.0,0.43532769499071844
1.0,18.0,300.0,16.0,9.0,25.0,0.43532769499071844
1.0,18.0,250.0,16.0,9.0,25.0,0.43532769499071844
1.0,18.0,150.0,16.0,9.0,25.0,0.43532769499071844
1.0,27.0,200.0,16.0,7.0,15.0,0.4349935661920365
1.0,27.0,300.0,16.0,7.0,15.0,0.4349935661920365
1.0,27.0,150.0,16.0,7.0,15.0,0.4349935661920365
1.0,27.0,250.0,16.0,7.0,15.0,0.4349935661920365
1.0,15.0,300.0,15.0,7.0,20.0,0.4340682576551917
1.0,15.0,250.0,15.0,7.0,20.0,0.4340682576551917
1.0,15.0,200.0,15.0,7.0,20.0,0.4340682576551917
1.0,15.0,150.0,15.0,7.0,20.0,0.4340682576551917
1.0,15.0,200.0,19.0,7.0,25.0,0.43286230786120755
1.0,15.0,300.0,19.0,7.0,25.0,0.43286230786120755
1.0,15.0,250.0,19.0,7.0,25.0,0.43286230786120755
1.0,15.0,150.0,19.0,7.0,25.0,0.43286230786120755
1.0,21.0,200.0,18.0,5.0,15.0,0.43209430925157916
1.0,21.0,300.0,18.0,5.0,15.0,0.43209430925157916
1.0,21.0,250.0,18.0,5.0,15.0,0.43209430925157916
1.0,21.0,150.0,18.0,5.0,15.0,0.43209430925157916
1.0,15.0,200.0,20.0,5.0,25.0,0.4305338397948102
1.0,15.0,300.0,20.0,5.0,25.0,0.4305338397948102
1.0,15.0,150.0,20.0,5.0,25.0,0.4305338397948102
1.0,15.0,250.0,20.0,5.0,25.0,0.4305338397948102
1.0,18.0,250.0,23.0,5.0,20.0,0.42914790798589025
1.0,18.0,150.0,23.0,5.0,20.0,0.42914790798589025
1.0,18.0,200.0,23.0,5.0,20.0,0.42914790798589025
1.0,18.0,300.0,23.0,5.0,20.0,0.42914790798589025
1.0,15.0,250.0,23.0,5.0,20.0,0.428752991136542
1.0,15.0,200.0,23.0,5.0,20.0,0.428752991136542
1.0,15.0,300.0,23.0,5.0,20.0,0.428752991136542
1.0,15.0,150.0,23.0,5.0,20.0,0.428752991136542
1.0,18.0,300.0,18.0,5.0,25.0,0.4283506672146371
1.0,18.0,150.0,18.0,5.0,25.0,0.4283506672146371
1.0,18.0,200.0,18.0,5.0,25.0,0.4283506672146371
1.0,18.0,250.0,18.0,5.0,25.0,0.4283506672146371
1.0,21.0,300.0,15.0,5.0,25.0,0.42775654363976234
1.0,21.0,200.0,15.0,5.0,25.0,0.42775654363976234
1.0,21.0,150.0,15.0,5.0,25.0,0.42775654363976234
1.0,21.0,250.0,15.0,5.0,25.0,0.42775654363976234
1.0,21.0,200.0,23.0,5.0,20.0,0.4268746916241259
1.0,21.0,150.0,23.0,5.0,20.0,0.4268746916241259
1.0,21.0,300.0,23.0,5.0,20.0,0.4268746916241259
1.0,21.0,250.0,23.0,5.0,20.0,0.4268746916241259
1.0,18.0,200.0,17.0,7.0,25.0,0.4249677740147524
1.0,18.0,250.0,17.0,7.0,25.0,0.4249677740147524
1.0,18.0,150.0,17.0,7.0,25.0,0.4249677740147524
1.0,18.0,300.0,17.0,7.0,25.0,0.4249677740147524
1.0,15.0,250.0,16.0,5.0,20.0,0.42421235487318004
1.0,15.0,300.0,16.0,5.0,20.0,0.42421235487318004
1.0,15.0,200.0,16.0,5.0,20.0,0.42421235487318004
1.0,15.0,150.0,16.0,5.0,20.0,0.42421235487318004
1.0,24.0,150.0,18.0,5.0,15.0,0.4242110240346881
1.0,24.0,300.0,18.0,5.0,15.0,0.4242110240346881
1.0,24.0,250.0,18.0,5.0,15.0,0.4242110240346881
1.0,24.0,200.0,18.0,5.0,15.0,0.4242110240346881
1.0,15.0,250.0,22.0,7.0,20.0,0.42235835620583634
1.0,15.0,300.0,22.0,7.0,20.0,0.42235835620583634
1.0,15.0,150.0,22.0,7.0,20.0,0.42235835620583634
1.0,15.0,200.0,22.0,7.0,20.0,0.42235835620583634
1.0,18.0,200.0,22.0,7.0,20.0,0.4222592908157042
1.0,18.0,250.0,22.0,7.0,20.0,0.4222592908157042
1.0,18.0,300.0,22.0,7.0,20.0,0.4222592908157042
1.0,18.0,150.0,22.0,7.0,20.0,0.4222592908157042
1.0,21.0,150.0,22.0,7.0,20.0,0.4220658394366775
1.0,21.0,300.0,22.0,7.0,20.0,0.4220658394366775
1.0,21.0,250.0,22.0,7.0,20.0,0.4220658394366775
1.0,21.0,200.0,22.0,7.0,20.0,0.4220658394366775
1.0,24.0,300.0,23.0,5.0,20.0,0.42127003168592714
1.0,24.0,250.0,23.0,5.0,20.0,0.42127003168592714
1.0,24.0,150.0,23.0,5.0,20.0,0.42127003168592714
1.0,24.0,200.0,23.0,5.0,20.0,0.42127003168592714
1.0,24.0,300.0,22.0,7.0,20.0,0.4170439845915461
1.0,24.0,150.0,22.0,7.0,20.0,0.4170439845915461
1.0,24.0,250.0,22.0,7.0,20.0,0.4170439845915461
1.0,24.0,200.0,22.0,7.0,20.0,0.4170439845915461
1.0,27.0,300.0,23.0,5.0,20.0,0.4115363328165138
1.0,27.0,250.0,23.0,5.0,20.0,0.4115363328165138
1.0,27.0,150.0,23.0,5.0,20.0,0.4115363328165138
1.0,27.0,200.0,23.0,5.0,20.0,0.4115363328165138
1.0,18.0,300.0,15.0,9.0,25.0,0.40980998874316604
1.0,18.0,150.0,15.0,9.0,25.0,0.40980998874316604
1.0,18.0,250.0,15.0,9.0,25.0,0.40980998874316604
1.0,18.0,200.0,15.0,9.0,25.0,0.40980998874316604
1.0,18.0,200.0,17.0,5.0,25.0,0.40842232435085973
1.0,18.0,300.0,17.0,5.0,25.0,0.40842232435085973
1.0,18.0,250.0,17.0,5.0,25.0,0.40842232435085973
1.0,18.0,150.0,17.0,5.0,25.0,0.40842232435085973
1.0,27.0,200.0,22.0,7.0,20.0,0.406553327403848
1.0,27.0,250.0,22.0,7.0,20.0,0.406553327403848
1.0,27.0,150.0,22.0,7.0,20.0,0.406553327403848
1.0,27.0,300.0,22.0,7.0,20.0,0.406553327403848
1.0,27.0,300.0,18.0,5.0,15.0,0.4063921545500182
1.0,27.0,150.0,18.0,5.0,15.0,0.4063921545500182
1.0,27.0,250.0,18.0,5.0,15.0,0.4063921545500182
1.0,27.0,200.0,18.0,5.0,15.0,0.4063921545500182
1.0,18.0,200.0,16.0,7.0,25.0,0.40606721823686426
1.0,18.0,250.0,16.0,7.0,25.0,0.40606721823686426
1.0,18.0,300.0,16.0,7.0,25.0,0.40606721823686426
1.0,18.0,150.0,16.0,7.0,25.0,0.40606721823686426
1.0,15.0,250.0,17.0,9.0,25.0,0.4055292396083555
1.0,15.0,200.0,17.0,9.0,25.0,0.4055292396083555
1.0,15.0,300.0,17.0,9.0,25.0,0.4055292396083555
1.0,15.0,150.0,17.0,9.0,25.0,0.4055292396083555
1.0,15.0,150.0,18.0,7.0,25.0,0.39721949228183434
1.0,15.0,250.0,18.0,7.0,25.0,0.39721949228183434
1.0,15.0,300.0,18.0,7.0,25.0,0.39721949228183434
1.0,15.0,200.0,18.0,7.0,25.0,0.39721949228183434
1.0,15.0,200.0,19.0,5.0,25.0,0.3937411848382228
1.0,15.0,150.0,19.0,5.0,25.0,0.3937411848382228
1.0,15.0,300.0,19.0,5.0,25.0,0.3937411848382228
1.0,15.0,250.0,19.0,5.0,25.0,0.3937411848382228
1.0,18.0,300.0,16.0,5.0,25.0,0.39133212766207703
1.0,18.0,150.0,16.0,5.0,25.0,0.39133212766207703
1.0,18.0,200.0,16.0,5.0,25.0,0.39133212766207703
1.0,18.0,250.0,16.0,5.0,25.0,0.39133212766207703
1.0,15.0,250.0,15.0,5.0,20.0,0.3858064414124204
1.0,15.0,150.0,15.0,5.0,20.0,0.3858064414124204
1.0,15.0,300.0,15.0,5.0,20.0,0.3858064414124204
1.0,15.0,200.0,15.0,5.0,20.0,0.3858064414124204
1.0,18.0,250.0,15.0,7.0,25.0,0.3851749692810572
1.0,18.0,200.0,15.0,7.0,25.0,0.3851749692810572
1.0,18.0,150.0,15.0,7.0,25.0,0.3851749692810572
1.0,18.0,300.0,15.0,7.0,25.0,0.3851749692810572
1.0,18.0,200.0,15.0,5.0,25.0,0.37474324930299235
1.0,18.0,300.0,15.0,5.0,25.0,0.37474324930299235
1.0,18.0,150.0,15.0,5.0,25.0,0.37474324930299235
1.0,18.0,250.0,15.0,5.0,25.0,0.37474324930299235
1.0,15.0,300.0,16.0,9.0,25.0,0.37212740031536806
1.0,15.0,150.0,16.0,9.0,25.0,0.37212740031536806
1.0,15.0,250.0,16.0,9.0,25.0,0.37212740031536806
1.0,15.0,200.0,16.0,9.0,25.0,0.37212740031536806
1.0,15.0,250.0,18.0,5.0,25.0,0.3657530308932023
1.0,15.0,150.0,18.0,5.0,25.0,0.3657530308932023
1.0,15.0,200.0,18.0,5.0,25.0,0.3657530308932023
1.0,15.0,300.0,18.0,5.0,25.0,0.3657530308932023
1.0,15.0,250.0,17.0,7.0,25.0,0.36287072767201506
1.0,15.0,200.0,17.0,7.0,25.0,0.36287072767201506
1.0,15.0,150.0,17.0,7.0,25.0,0.36287072767201506
1.0,15.0,300.0,17.0,7.0,25.0,0.36287072767201506
1.0,15.0,300.0,17.0,7.0,15.0,0.34398977549150406
1.0,15.0,150.0,17.0,7.0,15.0,0.34398977549150406
1.0,15.0,200.0,17.0,7.0,15.0,0.34398977549150406
1.0,15.0,250.0,17.0,7.0,15.0,0.34398977549150406
1.0,15.0,150.0,15.0,9.0,25.0,0.34398077638732916
1.0,15.0,250.0,15.0,9.0,25.0,0.34398077638732916
1.0,15.0,300.0,15.0,9.0,25.0,0.34398077638732916
1.0,15.0,200.0,15.0,9.0,25.0,0.34398077638732916
1.0,18.0,300.0,17.0,7.0,15.0,0.34365601353755626
1.0,18.0,150.0,17.0,7.0,15.0,0.34365601353755626
1.0,18.0,200.0,17.0,7.0,15.0,0.34365601353755626
1.0,18.0,250.0,17.0,7.0,15.0,0.34365601353755626
1.0,18.0,200.0,21.0,9.0,20.0,0.3430257910017908
1.0,18.0,150.0,21.0,9.0,20.0,0.3430257910017908
1.0,18.0,300.0,21.0,9.0,20.0,0.3430257910017908
1.0,18.0,250.0,21.0,9.0,20.0,0.3430257910017908
1.0,15.0,300.0,21.0,9.0,20.0,0.3427742802580457
1.0,15.0,250.0,21.0,9.0,20.0,0.3427742802580457
1.0,15.0,200.0,21.0,9.0,20.0,0.3427742802580457
1.0,15.0,150.0,21.0,9.0,20.0,0.3427742802580457
1.0,21.0,300.0,21.0,9.0,20.0,0.34218343663882744
1.0,21.0,200.0,21.0,9.0,20.0,0.34218343663882744
1.0,21.0,150.0,21.0,9.0,20.0,0.34218343663882744
1.0,21.0,250.0,21.0,9.0,20.0,0.34218343663882744
1.0,15.0,300.0,17.0,5.0,25.0,0.3418180656759038
1.0,15.0,200.0,17.0,5.0,25.0,0.3418180656759038
1.0,15.0,250.0,17.0,5.0,25.0,0.3418180656759038
1.0,15.0,150.0,17.0,5.0,25.0,0.3418180656759038
1.0,15.0,250.0,16.0,7.0,25.0,0.34148309793901477
1.0,15.0,300.0,16.0,7.0,25.0,0.34148309793901477
1.0,15.0,200.0,16.0,7.0,25.0,0.34148309793901477
1.0,15.0,150.0,16.0,7.0,25.0,0.34148309793901477
1.0,24.0,150.0,21.0,9.0,20.0,0.33988272837990363
1.0,24.0,250.0,21.0,9.0,20.0,0.33988272837990363
1.0,24.0,200.0,21.0,9.0,20.0,0.33988272837990363
1.0,24.0,300.0,21.0,9.0,20.0,0.33988272837990363
1.0,21.0,300.0,17.0,7.0,15.0,0.3374067023757089
1.0,21.0,250.0,17.0,7.0,15.0,0.3374067023757089
1.0,21.0,200.0,17.0,7.0,15.0,0.3374067023757089
1.0,21.0,150.0,17.0,7.0,15.0,0.3374067023757089
1.0,24.0,200.0,17.0,7.0,15.0,0.3341068809888165
1.0,24.0,250.0,17.0,7.0,15.0,0.3341068809888165
1.0,24.0,300.0,17.0,7.0,15.0,0.3341068809888165
1.0,24.0,150.0,17.0,7.0,15.0,0.3341068809888165
1.0,27.0,300.0,21.0,9.0,20.0,0.33281044847995495
1.0,27.0,250.0,21.0,9.0,20.0,0.33281044847995495
1.0,27.0,200.0,21.0,9.0,20.0,0.33281044847995495
1.0,27.0,150.0,21.0,9.0,20.0,0.33281044847995495
1.0,27.0,300.0,17.0,7.0,15.0,0.3205714643151083
1.0,27.0,200.0,17.0,7.0,15.0,0.3205714643151083
1.0,27.0,250.0,17.0,7.0,15.0,0.3205714643151083
1.0,27.0,150.0,17.0,7.0,15.0,0.3205714643151083
1.0,15.0,300.0,16.0,5.0,25.0,0.32010127161518276
1.0,15.0,200.0,16.0,5.0,25.0,0.32010127161518276
1.0,15.0,150.0,16.0,5.0,25.0,0.32010127161518276
1.0,15.0,250.0,16.0,5.0,25.0,0.32010127161518276
1.0,15.0,300.0,15.0,7.0,25.0,0.31971444991713815
1.0,15.0,150.0,15.0,7.0,25.0,0.31971444991713815
1.0,15.0,200.0,15.0,7.0,25.0,0.31971444991713815
1.0,15.0,250.0,15.0,7.0,25.0,0.31971444991713815
1.0,18.0,300.0,15.0,9.0,15.0,0.3130435469964823
1.0,18.0,250.0,15.0,9.0,15.0,0.3130435469964823
1.0,18.0,200.0,15.0,9.0,15.0,0.3130435469964823
1.0,15.0,300.0,15.0,9.0,15.0,0.3130435469964823
1.0,15.0,150.0,15.0,9.0,15.0,0.3130435469964823
1.0,18.0,150.0,15.0,9.0,15.0,0.3130435469964823
1.0,15.0,200.0,15.0,9.0,15.0,0.3130435469964823
1.0,15.0,250.0,15.0,9.0,15.0,0.3130435469964823
1.0,21.0,300.0,15.0,9.0,15.0,0.31120237317584487
1.0,21.0,250.0,15.0,9.0,15.0,0.31120237317584487
1.0,21.0,200.0,15.0,9.0,15.0,0.31120237317584487
1.0,21.0,150.0,15.0,9.0,15.0,0.31120237317584487
1.0,15.0,300.0,19.0,5.0,15.0,0.3109445913331989
1.0,15.0,150.0,19.0,5.0,15.0,0.3109445913331989
1.0,15.0,200.0,19.0,5.0,15.0,0.3109445913331989
1.0,15.0,250.0,19.0,5.0,15.0,0.3109445913331989
1.0,18.0,150.0,19.0,5.0,15.0,0.3107664234615548
1.0,18.0,250.0,19.0,5.0,15.0,0.3107664234615548
1.0,18.0,200.0,19.0,5.0,15.0,0.3107664234615548
1.0,18.0,300.0,19.0,5.0,15.0,0.3107664234615548
1.0,18.0,250.0,24.0,5.0,20.0,0.310734398965446
1.0,18.0,150.0,24.0,5.0,20.0,0.310734398965446
1.0,18.0,200.0,24.0,5.0,20.0,0.310734398965446
1.0,18.0,300.0,24.0,5.0,20.0,0.310734398965446
1.0,15.0,250.0,24.0,5.0,20.0,0.31054028451556637
1.0,15.0,300.0,24.0,5.0,20.0,0.31054028451556637
1.0,15.0,200.0,24.0,5.0,20.0,0.31054028451556637
1.0,15.0,150.0,24.0,5.0,20.0,0.31054028451556637
1.0,21.0,300.0,24.0,5.0,20.0,0.30992898008396547
1.0,21.0,250.0,24.0,5.0,20.0,0.30992898008396547
1.0,21.0,200.0,24.0,5.0,20.0,0.30992898008396547
1.0,21.0,150.0,24.0,5.0,20.0,0.30992898008396547
1.0,21.0,150.0,23.0,7.0,20.0,0.3086591659759362
1.0,21.0,300.0,23.0,7.0,20.0,0.3086591659759362
1.0,21.0,200.0,23.0,7.0,20.0,0.3086591659759362
1.0,21.0,250.0,23.0,7.0,20.0,0.3086591659759362
1.0,18.0,200.0,23.0,7.0,20.0,0.3085861955314951
1.0,18.0,150.0,23.0,7.0,20.0,0.3085861955314951
1.0,18.0,250.0,23.0,7.0,20.0,0.3085861955314951
1.0,18.0,300.0,23.0,7.0,20.0,0.3085861955314951
1.0,15.0,300.0,23.0,7.0,20.0,0.30849184458026596
1.0,15.0,150.0,23.0,7.0,20.0,0.30849184458026596
1.0,15.0,250.0,23.0,7.0,20.0,0.30849184458026596
1.0,15.0,200.0,23.0,7.0,20.0,0.30849184458026596
1.0,24.0,200.0,24.0,5.0,20.0,0.3049962860401492
1.0,24.0,250.0,24.0,5.0,20.0,0.3049962860401492
1.0,24.0,150.0,24.0,5.0,20.0,0.3049962860401492
1.0,24.0,300.0,24.0,5.0,20.0,0.3049962860401492
1.0,24.0,150.0,15.0,9.0,15.0,0.3049479078479489
1.0,24.0,250.0,15.0,9.0,15.0,0.3049479078479489
1.0,24.0,200.0,15.0,9.0,15.0,0.3049479078479489
1.0,24.0,300.0,15.0,9.0,15.0,0.3049479078479489
1.0,24.0,300.0,23.0,7.0,20.0,0.304295020088021
1.0,24.0,250.0,23.0,7.0,20.0,0.304295020088021
1.0,24.0,200.0,23.0,7.0,20.0,0.304295020088021
1.0,24.0,150.0,23.0,7.0,20.0,0.304295020088021
1.0,15.0,250.0,15.0,5.0,25.0,0.304205606136535
1.0,15.0,200.0,15.0,5.0,25.0,0.304205606136535
1.0,15.0,150.0,15.0,5.0,25.0,0.304205606136535
1.0,15.0,300.0,15.0,5.0,25.0,0.304205606136535
1.0,21.0,150.0,19.0,5.0,15.0,0.3022574081935019
1.0,21.0,300.0,19.0,5.0,15.0,0.3022574081935019
1.0,21.0,250.0,19.0,5.0,15.0,0.3022574081935019
1.0,21.0,200.0,19.0,5.0,15.0,0.3022574081935019
1.0,27.0,200.0,24.0,5.0,20.0,0.2975349790519092
1.0,27.0,250.0,24.0,5.0,20.0,0.2975349790519092
1.0,27.0,150.0,24.0,5.0,20.0,0.2975349790519092
1.0,27.0,300.0,24.0,5.0,20.0,0.2975349790519092
1.0,24.0,150.0,19.0,5.0,15.0,0.2975106306636705
1.0,24.0,250.0,19.0,5.0,15.0,0.2975106306636705
1.0,24.0,300.0,19.0,5.0,15.0,0.2975106306636705
1.0,24.0,200.0,19.0,5.0,15.0,0.2975106306636705
1.0,27.0,250.0,23.0,7.0,20.0,0.29740485224155205
1.0,27.0,200.0,23.0,7.0,20.0,0.29740485224155205
1.0,27.0,300.0,23.0,7.0,20.0,0.29740485224155205
1.0,27.0,150.0,23.0,7.0,20.0,0.29740485224155205
1.0,27.0,150.0,15.0,9.0,15.0,0.2936570288757696
1.0,27.0,200.0,15.0,9.0,15.0,0.2936570288757696
1.0,27.0,250.0,15.0,9.0,15.0,0.2936570288757696
1.0,27.0,300.0,15.0,9.0,15.0,0.2936570288757696
1.0,27.0,300.0,19.0,5.0,15.0,0.28575708114225756
1.0,27.0,150.0,19.0,5.0,15.0,0.28575708114225756
1.0,27.0,250.0,19.0,5.0,15.0,0.28575708114225756
1.0,27.0,200.0,19.0,5.0,15.0,0.28575708114225756
1.0,15.0,200.0,22.0,9.0,20.0,0.24415503902187952
1.0,15.0,250.0,22.0,9.0,20.0,0.24415503902187952
1.0,15.0,150.0,22.0,9.0,20.0,0.24415503902187952
1.0,15.0,300.0,22.0,9.0,20.0,0.24415503902187952
1.0,18.0,250.0,22.0,9.0,20.0,0.24376236362018863
1.0,18.0,200.0,22.0,9.0,20.0,0.24376236362018863
1.0,18.0,300.0,22.0,9.0,20.0,0.24376236362018863
1.0,18.0,150.0,22.0,9.0,20.0,0.24376236362018863
1.0,21.0,150.0,22.0,9.0,20.0,0.2436083881112829
1.0,21.0,200.0,22.0,9.0,20.0,0.2436083881112829
1.0,21.0,250.0,22.0,9.0,20.0,0.2436083881112829
1.0,21.0,300.0,22.0,9.0,20.0,0.2436083881112829
1.0,24.0,150.0,22.0,9.0,20.0,0.24323256220354214
1.0,24.0,300.0,22.0,9.0,20.0,0.24323256220354214
1.0,24.0,250.0,22.0,9.0,20.0,0.24323256220354214
1.0,24.0,200.0,22.0,9.0,20.0,0.24323256220354214
1.0,27.0,150.0,22.0,9.0,20.0,0.24037805428878312
1.0,27.0,200.0,22.0,9.0,20.0,0.24037805428878312
1.0,27.0,250.0,22.0,9.0,20.0,0.24037805428878312
1.0,27.0,300.0,22.0,9.0,20.0,0.24037805428878312
1.0,15.0,300.0,18.0,7.0,15.0,0.22835387842863197
1.0,18.0,250.0,18.0,7.0,15.0,0.22835387842863197
1.0,15.0,200.0,18.0,7.0,15.0,0.22835387842863197
1.0,18.0,150.0,18.0,7.0,15.0,0.22835387842863197
1.0,15.0,250.0,18.0,7.0,15.0,0.22835387842863197
1.0,18.0,300.0,18.0,7.0,15.0,0.22835387842863197
1.0,15.0,150.0,18.0,7.0,15.0,0.22835387842863197
1.0,18.0,200.0,18.0,7.0,15.0,0.22835387842863197
1.0,21.0,150.0,18.0,7.0,15.0,0.22267903314331233
1.0,21.0,300.0,18.0,7.0,15.0,0.22267903314331233
1.0,21.0,200.0,18.0,7.0,15.0,0.22267903314331233
1.0,21.0,250.0,18.0,7.0,15.0,0.22267903314331233
1.0,24.0,150.0,18.0,7.0,15.0,0.21927302340283464
1.0,24.0,300.0,18.0,7.0,15.0,0.21927302340283464
1.0,24.0,200.0,18.0,7.0,15.0,0.21927302340283464
1.0,24.0,250.0,18.0,7.0,15.0,0.21927302340283464
1.0,27.0,250.0,18.0,7.0,15.0,0.21035632045938513
1.0,27.0,300.0,18.0,7.0,15.0,0.21035632045938513
1.0,27.0,150.0,18.0,7.0,15.0,0.21035632045938513
1.0,27.0,200.0,18.0,7.0,15.0,0.21035632045938513
1.0,15.0,150.0,20.0,5.0,15.0,0.20262786995374682
1.0,15.0,200.0,20.0,5.0,15.0,0.20262786995374682
1.0,15.0,250.0,20.0,5.0,15.0,0.20262786995374682
1.0,15.0,300.0,20.0,5.0,15.0,0.20262786995374682
1.0,18.0,200.0,20.0,5.0,15.0,0.20230178502259732
1.0,18.0,150.0,20.0,5.0,15.0,0.20230178502259732
1.0,18.0,300.0,20.0,5.0,15.0,0.20230178502259732
1.0,18.0,250.0,20.0,5.0,15.0,0.20230178502259732
1.0,21.0,250.0,20.0,5.0,15.0,0.2018897072856085
1.0,21.0,200.0,20.0,5.0,15.0,0.2018897072856085
1.0,21.0,300.0,20.0,5.0,15.0,0.2018897072856085
1.0,21.0,150.0,20.0,5.0,15.0,0.2018897072856085
1.0,18.0,150.0,16.0,9.0,15.0,0.20083175153604385
1.0,18.0,300.0,16.0,9.0,15.0,0.20083175153604385
1.0,18.0,250.0,16.0,9.0,15.0,0.20083175153604385
1.0,15.0,200.0,16.0,9.0,15.0,0.20083175153604385
1.0,15.0,250.0,16.0,9.0,15.0,0.20083175153604385
1.0,18.0,200.0,16.0,9.0,15.0,0.20083175153604385
1.0,15.0,150.0,16.0,9.0,15.0,0.20083175153604385
1.0,15.0,300.0,16.0,9.0,15.0,0.20083175153604385
1.0,21.0,250.0,16.0,9.0,15.0,0.2004075605288932
1.0,21.0,200.0,16.0,9.0,15.0,0.2004075605288932
1.0,21.0,300.0,16.0,9.0,15.0,0.2004075605288932
1.0,21.0,150.0,16.0,9.0,15.0,0.2004075605288932
1.0,18.0,200.0,24.0,7.0,20.0,0.1998060371005161
1.0,15.0,250.0,24.0,7.0,20.0,0.1998060371005161
1.0,15.0,150.0,24.0,7.0,20.0,0.1998060371005161
1.0,15.0,300.0,24.0,7.0,20.0,0.1998060371005161
1.0,15.0,200.0,24.0,7.0,20.0,0.1998060371005161
1.0,18.0,150.0,24.0,7.0,20.0,0.1998060371005161
1.0,18.0,250.0,24.0,7.0,20.0,0.1998060371005161
1.0,18.0,300.0,24.0,7.0,20.0,0.1998060371005161
1.0,21.0,250.0,24.0,7.0,20.0,0.199686836776259
1.0,21.0,150.0,24.0,7.0,20.0,0.199686836776259
1.0,21.0,300.0,24.0,7.0,20.0,0.199686836776259
1.0,24.0,300.0,24.0,7.0,20.0,0.199686836776259
1.0,21.0,200.0,24.0,7.0,20.0,0.199686836776259
1.0,24.0,250.0,24.0,7.0,20.0,0.199686836776259
1.0,24.0,200.0,24.0,7.0,20.0,0.199686836776259
1.0,24.0,150.0,24.0,7.0,20.0,0.199686836776259
1.0,24.0,250.0,20.0,5.0,15.0,0.19889572983767517
1.0,24.0,150.0,20.0,5.0,15.0,0.19889572983767517
1.0,24.0,200.0,20.0,5.0,15.0,0.19889572983767517
1.0,24.0,300.0,20.0,5.0,15.0,0.19889572983767517
1.0,24.0,150.0,16.0,9.0,15.0,0.19725616477550315
1.0,24.0,300.0,16.0,9.0,15.0,0.19725616477550315
1.0,24.0,200.0,16.0,9.0,15.0,0.19725616477550315
1.0,24.0,250.0,16.0,9.0,15.0,0.19725616477550315
1.0,27.0,200.0,24.0,7.0,20.0,0.19561792558302718
1.0,27.0,250.0,24.0,7.0,20.0,0.19561792558302718
1.0,27.0,150.0,24.0,7.0,20.0,0.19561792558302718
1.0,27.0,300.0,24.0,7.0,20.0,0.19561792558302718
1.0,27.0,300.0,20.0,5.0,15.0,0.19258558095678555
1.0,27.0,200.0,20.0,5.0,15.0,0.19258558095678555
1.0,27.0,250.0,20.0,5.0,15.0,0.19258558095678555
1.0,27.0,150.0,20.0,5.0,15.0,0.19258558095678555
1.0,27.0,200.0,16.0,9.0,15.0,0.1924062635007104
1.0,27.0,300.0,16.0,9.0,15.0,0.1924062635007104
1.0,27.0,250.0,16.0,9.0,15.0,0.1924062635007104
1.0,27.0,150.0,16.0,9.0,15.0,0.1924062635007104
1.0,21.0,200.0,23.0,9.0,20.0,0.1422991746504468
1.0,24.0,150.0,23.0,9.0,20.0,0.1422991746504468
1.0,21.0,250.0,23.0,9.0,20.0,0.1422991746504468
1.0,21.0,300.0,23.0,9.0,20.0,0.1422991746504468
1.0,21.0,150.0,23.0,9.0,20.0,0.1422991746504468
1.0,24.0,250.0,23.0,9.0,20.0,0.1422991746504468
1.0,24.0,200.0,23.0,9.0,20.0,0.1422991746504468
1.0,24.0,300.0,23.0,9.0,20.0,0.1422991746504468
1.0,15.0,250.0,23.0,9.0,20.0,0.14220067189236957
1.0,18.0,150.0,23.0,9.0,20.0,0.14220067189236957
1.0,15.0,150.0,23.0,9.0,20.0,0.14220067189236957
1.0,18.0,250.0,23.0,9.0,20.0,0.14220067189236957
1.0,15.0,300.0,23.0,9.0,20.0,0.14220067189236957
1.0,18.0,300.0,23.0,9.0,20.0,0.14220067189236957
1.0,18.0,200.0,23.0,9.0,20.0,0.14220067189236957
1.0,15.0,200.0,23.0,9.0,20.0,0.14220067189236957
1.0,27.0,200.0,23.0,9.0,20.0,0.14184243628940818
1.0,27.0,250.0,23.0,9.0,20.0,0.14184243628940818
1.0,27.0,150.0,23.0,9.0,20.0,0.14184243628940818
1.0,27.0,300.0,23.0,9.0,20.0,0.14184243628940818
1.0,18.0,200.0,21.0,5.0,15.0,0.12883123688449113
1.0,18.0,300.0,21.0,5.0,15.0,0.12883123688449113
1.0,18.0,150.0,21.0,5.0,15.0,0.12883123688449113
1.0,15.0,250.0,21.0,5.0,15.0,0.12883123688449113
1.0,21.0,150.0,21.0,5.0,15.0,0.12883123688449113
1.0,15.0,200.0,21.0,5.0,15.0,0.12883123688449113
1.0,21.0,300.0,21.0,5.0,15.0,0.12883123688449113
1.0,18.0,250.0,21.0,5.0,15.0,0.12883123688449113
1.0,15.0,300.0,21.0,5.0,15.0,0.12883123688449113
1.0,21.0,250.0,21.0,5.0,15.0,0.12883123688449113
1.0,21.0,200.0,21.0,5.0,15.0,0.12883123688449113
1.0,15.0,150.0,21.0,5.0,15.0,0.12883123688449113
1.0,21.0,150.0,19.0,7.0,15.0,0.1269695843677652
1.0,21.0,250.0,19.0,7.0,15.0,0.1269695843677652
1.0,21.0,300.0,19.0,7.0,15.0,0.1269695843677652
1.0,21.0,200.0,19.0,7.0,15.0,0.1269695843677652
1.0,15.0,150.0,19.0,7.0,15.0,0.12691678966462672
1.0,18.0,200.0,19.0,7.0,15.0,0.12691678966462672
1.0,15.0,200.0,19.0,7.0,15.0,0.12691678966462672
1.0,18.0,300.0,19.0,7.0,15.0,0.12691678966462672
1.0,15.0,300.0,19.0,7.0,15.0,0.12691678966462672
1.0,15.0,250.0,19.0,7.0,15.0,0.12691678966462672
1.0,18.0,250.0,19.0,7.0,15.0,0.12691678966462672
1.0,18.0,150.0,19.0,7.0,15.0,0.12691678966462672
1.0,24.0,200.0,21.0,5.0,15.0,0.12662113422436116
1.0,24.0,150.0,21.0,5.0,15.0,0.12662113422436116
1.0,24.0,300.0,21.0,5.0,15.0,0.12662113422436116
1.0,24.0,250.0,21.0,5.0,15.0,0.12662113422436116
1.0,24.0,150.0,19.0,7.0,15.0,0.12563624041812063
1.0,24.0,250.0,19.0,7.0,15.0,0.12563624041812063
1.0,24.0,200.0,19.0,7.0,15.0,0.12563624041812063
1.0,24.0,300.0,19.0,7.0,15.0,0.12563624041812063
1.0,27.0,200.0,21.0,5.0,15.0,0.12308138316107915
1.0,27.0,250.0,21.0,5.0,15.0,0.12308138316107915
1.0,27.0,300.0,21.0,5.0,15.0,0.12308138316107915
1.0,27.0,150.0,21.0,5.0,15.0,0.12308138316107915
1.0,27.0,150.0,19.0,7.0,15.0,0.12198621601056137
1.0,27.0,300.0,19.0,7.0,15.0,0.12198621601056137
1.0,27.0,250.0,19.0,7.0,15.0,0.12198621601056137
1.0,27.0,200.0,19.0,7.0,15.0,0.12198621601056137
1.0,15.0,200.0,17.0,9.0,15.0,0.1143828602891616
1.0,15.0,150.0,17.0,9.0,15.0,0.1143828602891616
1.0,21.0,300.0,17.0,9.0,15.0,0.1143828602891616
1.0,15.0,300.0,17.0,9.0,15.0,0.1143828602891616
1.0,18.0,200.0,17.0,9.0,15.0,0.1143828602891616
1.0,21.0,200.0,17.0,9.0,15.0,0.1143828602891616
1.0,18.0,300.0,17.0,9.0,15.0,0.1143828602891616
1.0,21.0,250.0,17.0,9.0,15.0,0.1143828602891616
1.0,18.0,150.0,17.0,9.0,15.0,0.1143828602891616
1.0,18.0,250.0,17.0,9.0,15.0,0.1143828602891616
1.0,21.0,150.0,17.0,9.0,15.0,0.1143828602891616
1.0,15.0,250.0,17.0,9.0,15.0,0.1143828602891616
1.0,24.0,300.0,17.0,9.0,15.0,0.11349004196866261
1.0,24.0,150.0,17.0,9.0,15.0,0.11349004196866261
1.0,24.0,250.0,17.0,9.0,15.0,0.11349004196866261
1.0,24.0,200.0,17.0,9.0,15.0,0.11349004196866261
1.0,27.0,250.0,17.0,9.0,15.0,0.1126493554191898
1.0,27.0,200.0,17.0,9.0,15.0,0.1126493554191898
1.0,27.0,150.0,17.0,9.0,15.0,0.1126493554191898
1.0,27.0,300.0,17.0,9.0,15.0,0.1126493554191898
1.0,18.0,150.0,24.0,9.0,20.0,0.08867254524232565
1.0,24.0,200.0,24.0,9.0,20.0,0.08867254524232565
1.0,21.0,250.0,24.0,9.0,20.0,0.08867254524232565
1.0,21.0,300.0,24.0,9.0,20.0,0.08867254524232565
1.0,15.0,300.0,24.0,9.0,20.0,0.08867254524232565
1.0,24.0,300.0,24.0,9.0,20.0,0.08867254524232565
1.0,24.0,250.0,24.0,9.0,20.0,0.08867254524232565
1.0,27.0,150.0,24.0,9.0,20.0,0.08867254524232565
1.0,21.0,200.0,24.0,9.0,20.0,0.08867254524232565
1.0,15.0,150.0,24.0,9.0,20.0,0.08867254524232565
1.0,18.0,200.0,24.0,9.0,20.0,0.08867254524232565
1.0,15.0,250.0,24.0,9.0,20.0,0.08867254524232565
1.0,24.0,150.0,24.0,9.0,20.0,0.08867254524232565
1.0,18.0,300.0,24.0,9.0,20.0,0.08867254524232565
1.0,15.0,200.0,24.0,9.0,20.0,0.08867254524232565
1.0,27.0,300.0,24.0,9.0,20.0,0.08867254524232565
1.0,27.0,200.0,24.0,9.0,20.0,0.08867254524232565
1.0,21.0,150.0,24.0,9.0,20.0,0.08867254524232565
1.0,27.0,250.0,24.0,9.0,20.0,0.08867254524232565
1.0,18.0,250.0,24.0,9.0,20.0,0.08867254524232565
1.0,21.0,200.0,22.0,5.0,15.0,0.07502839181091228
1.0,21.0,250.0,22.0,5.0,15.0,0.07502839181091228
1.0,18.0,200.0,22.0,5.0,15.0,0.07502839181091228
1.0,21.0,300.0,22.0,5.0,15.0,0.07502839181091228
1.0,18.0,150.0,22.0,5.0,15.0,0.07502839181091228
1.0,15.0,300.0,22.0,5.0,15.0,0.07502839181091228
1.0,15.0,150.0,22.0,5.0,15.0,0.07502839181091228
1.0,15.0,250.0,22.0,5.0,15.0,0.07502839181091228
1.0,18.0,300.0,22.0,5.0,15.0,0.07502839181091228
1.0,18.0,250.0,22.0,5.0,15.0,0.07502839181091228
1.0,15.0,200.0,22.0,5.0,15.0,0.07502839181091228
1.0,21.0,150.0,22.0,5.0,15.0,0.07502839181091228
1.0,24.0,200.0,22.0,5.0,15.0,0.07451391250228492
1.0,24.0,250.0,22.0,5.0,15.0,0.07451391250228492
1.0,24.0,300.0,22.0,5.0,15.0,0.07451391250228492
1.0,24.0,150.0,22.0,5.0,15.0,0.07451391250228492
1.0,27.0,150.0,22.0,5.0,15.0,0.07321258356029814
1.0,27.0,250.0,22.0,5.0,15.0,0.07321258356029814
1.0,27.0,300.0,22.0,5.0,15.0,0.07321258356029814
1.0,27.0,200.0,22.0,5.0,15.0,0.07321258356029814
1.0,21.0,300.0,20.0,7.0,15.0,0.06962800988708572
1.0,15.0,200.0,20.0,7.0,15.0,0.06962800988708572
1.0,18.0,150.0,20.0,7.0,15.0,0.06962800988708572
1.0,18.0,250.0,20.0,7.0,15.0,0.06962800988708572
1.0,18.0,200.0,20.0,7.0,15.0,0.06962800988708572
1.0,15.0,250.0,20.0,7.0,15.0,0.06962800988708572
1.0,15.0,150.0,20.0,7.0,15.0,0.06962800988708572
1.0,21.0,200.0,20.0,7.0,15.0,0.06962800988708572
1.0,21.0,250.0,20.0,7.0,15.0,0.06962800988708572
1.0,15.0,300.0,20.0,7.0,15.0,0.06962800988708572
1.0,18.0,300.0,20.0,7.0,15.0,0.06962800988708572
1.0,21.0,150.0,20.0,7.0,15.0,0.06962800988708572
1.0,24.0,150.0,20.0,7.0,15.0,0.06920571088322643
1.0,24.0,300.0,20.0,7.0,15.0,0.06920571088322643
1.0,24.0,250.0,20.0,7.0,15.0,0.06920571088322643
1.0,24.0,200.0,20.0,7.0,15.0,0.06920571088322643
1.0,27.0,250.0,20.0,7.0,15.0,0.06743702641161428
1.0,27.0,200.0,20.0,7.0,15.0,0.06743702641161428
1.0,27.0,150.0,20.0,7.0,15.0,0.06743702641161428
1.0,27.0,300.0,20.0,7.0,15.0,0.06743702641161428
1.0,21.0,250.0,18.0,9.0,15.0,0.05189222943654254
1.0,15.0,200.0,18.0,9.0,15.0,0.05189222943654254
1.0,27.0,300.0,18.0,9.0,15.0,0.05189222943654254
1.0,15.0,300.0,18.0,9.0,15.0,0.05189222943654254
1.0,18.0,300.0,18.0,9.0,15.0,0.05189222943654254
1.0,27.0,250.0,18.0,9.0,15.0,0.05189222943654254
1.0,27.0,150.0,18.0,9.0,15.0,0.05189222943654254
1.0,18.0,200.0,18.0,9.0,15.0,0.05189222943654254
1.0,15.0,250.0,18.0,9.0,15.0,0.05189222943654254
1.0,21.0,150.0,18.0,9.0,15.0,0.05189222943654254
1.0,15.0,150.0,18.0,9.0,15.0,0.05189222943654254
1.0,24.0,250.0,18.0,9.0,15.0,0.05189222943654254
1.0,21.0,300.0,18.0,9.0,15.0,0.05189222943654254
1.0,21.0,200.0,18.0,9.0,15.0,0.05189222943654254
1.0,18.0,250.0,18.0,9.0,15.0,0.05189222943654254
1.0,27.0,200.0,18.0,9.0,15.0,0.05189222943654254
1.0,24.0,200.0,18.0,9.0,15.0,0.05189222943654254
1.0,18.0,150.0,18.0,9.0,15.0,0.05189222943654254
1.0,24.0,300.0,18.0,9.0,15.0,0.05189222943654254
1.0,24.0,150.0,18.0,9.0,15.0,0.05189222943654254
1.0,24.0,250.0,21.0,7.0,15.0,0.044124810486230105
1.0,24.0,300.0,21.0,7.0,15.0,0.044124810486230105
1.0,15.0,150.0,21.0,7.0,15.0,0.044124810486230105
1.0,21.0,150.0,21.0,7.0,15.0,0.044124810486230105
1.0,21.0,300.0,21.0,7.0,15.0,0.044124810486230105
1.0,18.0,300.0,21.0,7.0,15.0,0.044124810486230105
1.0,21.0,250.0,21.0,7.0,15.0,0.044124810486230105
1.0,21.0,200.0,21.0,7.0,15.0,0.044124810486230105
1.0,15.0,250.0,21.0,7.0,15.0,0.044124810486230105
1.0,15.0,300.0,21.0,7.0,15.0,0.044124810486230105
1.0,18.0,200.0,21.0,7.0,15.0,0.044124810486230105
1.0,24.0,200.0,21.0,7.0,15.0,0.044124810486230105
1.0,18.0,250.0,21.0,7.0,15.0,0.044124810486230105
1.0,15.0,200.0,21.0,7.0,15.0,0.044124810486230105
1.0,18.0,150.0,21.0,7.0,15.0,0.044124810486230105
1.0,24.0,150.0,21.0,7.0,15.0,0.044124810486230105
1.0,27.0,250.0,21.0,7.0,15.0,0.043180141339068195
1.0,27.0,150.0,21.0,7.0,15.0,0.043180141339068195
1.0,27.0,200.0,21.0,7.0,15.0,0.043180141339068195
1.0,27.0,300.0,21.0,7.0,15.0,0.043180141339068195
1.0,15.0,250.0,23.0,5.0,15.0,0.03398684517757474
1.0,24.0,200.0,23.0,5.0,15.0,0.03398684517757474
1.0,24.0,150.0,23.0,5.0,15.0,0.03398684517757474
1.0,18.0,150.0,23.0,5.0,15.0,0.03398684517757474
1.0,24.0,300.0,23.0,5.0,15.0,0.03398684517757474
1.0,21.0,200.0,23.0,5.0,15.0,0.03398684517757474
1.0,15.0,200.0,23.0,5.0,15.0,0.03398684517757474
1.0,18.0,300.0,23.0,5.0,15.0,0.03398684517757474
1.0,27.0,250.0,23.0,5.0,15.0,0.03398684517757474
1.0,18.0,250.0,23.0,5.0,15.0,0.03398684517757474
1.0,27.0,150.0,23.0,5.0,15.0,0.03398684517757474
1.0,15.0,150.0,23.0,5.0,15.0,0.03398684517757474
1.0,21.0,150.0,23.0,5.0,15.0,0.03398684517757474
1.0,15.0,300.0,23.0,5.0,15.0,0.03398684517757474
1.0,24.0,250.0,23.0,5.0,15.0,0.03398684517757474
1.0,18.0,200.0,23.0,5.0,15.0,0.03398684517757474
1.0,21.0,300.0,23.0,5.0,15.0,0.03398684517757474
1.0,21.0,250.0,23.0,5.0,15.0,0.03398684517757474
1.0,27.0,200.0,23.0,5.0,15.0,0.03398684517757474
1.0,27.0,300.0,23.0,5.0,15.0,0.03398684517757474
1.0,21.0,250.0,19.0,9.0,15.0,0.02364413225966627
1.0,24.0,200.0,19.0,9.0,15.0,0.02364413225966627
1.0,21.0,300.0,19.0,9.0,15.0,0.02364413225966627
1.0,24.0,150.0,19.0,9.0,15.0,0.02364413225966627
1.0,27.0,300.0,19.0,9.0,15.0,0.02364413225966627
1.0,24.0,250.0,19.0,9.0,15.0,0.02364413225966627
1.0,18.0,150.0,19.0,9.0,15.0,0.02364413225966627
1.0,21.0,200.0,19.0,9.0,15.0,0.02364413225966627
1.0,15.0,150.0,19.0,9.0,15.0,0.02364413225966627
1.0,21.0,150.0,19.0,9.0,15.0,0.02364413225966627
1.0,15.0,250.0,19.0,9.0,15.0,0.02364413225966627
1.0,27.0,200.0,19.0,9.0,15.0,0.02364413225966627
1.0,15.0,200.0,19.0,9.0,15.0,0.02364413225966627
1.0,27.0,150.0,19.0,9.0,15.0,0.02364413225966627
1.0,15.0,300.0,19.0,9.0,15.0,0.02364413225966627
1.0,24.0,300.0,19.0,9.0,15.0,0.02364413225966627
1.0,18.0,200.0,19.0,9.0,15.0,0.02364413225966627
1.0,18.0,300.0,19.0,9.0,15.0,0.02364413225966627
1.0,27.0,250.0,19.0,9.0,15.0,0.02364413225966627
1.0,18.0,250.0,19.0,9.0,15.0,0.02364413225966627
1.0,18.0,150.0,22.0,7.0,15.0,0.01795465309614469
1.0,24.0,300.0,22.0,7.0,15.0,0.01795465309614469
1.0,15.0,250.0,22.0,7.0,15.0,0.01795465309614469
1.0,27.0,150.0,22.0,7.0,15.0,0.01795465309614469
1.0,15.0,300.0,22.0,7.0,15.0,0.01795465309614469
1.0,21.0,300.0,22.0,7.0,15.0,0.01795465309614469
1.0,15.0,150.0,22.0,7.0,15.0,0.01795465309614469
1.0,21.0,250.0,22.0,7.0,15.0,0.01795465309614469
1.0,27.0,200.0,22.0,7.0,15.0,0.01795465309614469
1.0,18.0,300.0,22.0,7.0,15.0,0.01795465309614469
1.0,27.0,250.0,22.0,7.0,15.0,0.01795465309614469
1.0,24.0,150.0,22.0,7.0,15.0,0.01795465309614469
1.0,18.0,250.0,22.0,7.0,15.0,0.01795465309614469
1.0,24.0,250.0,22.0,7.0,15.0,0.01795465309614469
1.0,21.0,200.0,22.0,7.0,15.0,0.01795465309614469
1.0,27.0,300.0,22.0,7.0,15.0,0.01795465309614469
1.0,21.0,150.0,22.0,7.0,15.0,0.01795465309614469
1.0,18.0,200.0,22.0,7.0,15.0,0.01795465309614469
1.0,15.0,200.0,22.0,7.0,15.0,0.01795465309614469
1.0,24.0,200.0,22.0,7.0,15.0,0.01795465309614469
1.0,24.0,150.0,20.0,9.0,15.0,0.01358124831018557
1.0,27.0,150.0,20.0,9.0,15.0,0.01358124831018557
1.0,15.0,150.0,20.0,9.0,15.0,0.01358124831018557
1.0,21.0,300.0,20.0,9.0,15.0,0.01358124831018557
1.0,21.0,250.0,20.0,9.0,15.0,0.01358124831018557
1.0,21.0,200.0,20.0,9.0,15.0,0.01358124831018557
1.0,18.0,200.0,20.0,9.0,15.0,0.01358124831018557
1.0,21.0,150.0,20.0,9.0,15.0,0.01358124831018557
1.0,15.0,300.0,20.0,9.0,15.0,0.01358124831018557
1.0,27.0,200.0,20.0,9.0,15.0,0.01358124831018557
1.0,18.0,250.0,20.0,9.0,15.0,0.01358124831018557
1.0,24.0,300.0,20.0,9.0,15.0,0.01358124831018557
1.0,15.0,200.0,20.0,9.0,15.0,0.01358124831018557
1.0,27.0,300.0,20.0,9.0,15.0,0.01358124831018557
1.0,18.0,300.0,20.0,9.0,15.0,0.01358124831018557
1.0,18.0,150.0,20.0,9.0,15.0,0.01358124831018557
1.0,24.0,200.0,20.0,9.0,15.0,0.01358124831018557
1.0,24.0,250.0,20.0,9.0,15.0,0.01358124831018557
1.0,15.0,250.0,20.0,9.0,15.0,0.01358124831018557
1.0,27.0,250.0,20.0,9.0,15.0,0.01358124831018557
1.0,15.0,150.0,24.0,5.0,15.0,0.011896098300253989
1.0,18.0,200.0,24.0,5.0,15.0,0.011896098300253989
1.0,18.0,250.0,24.0,5.0,15.0,0.011896098300253989
1.0,27.0,300.0,24.0,5.0,15.0,0.011896098300253989
1.0,24.0,150.0,24.0,5.0,15.0,0.011896098300253989
1.0,27.0,250.0,24.0,5.0,15.0,0.011896098300253989
1.0,18.0,150.0,24.0,5.0,15.0,0.011896098300253989
1.0,21.0,150.0,24.0,5.0,15.0,0.011896098300253989
1.0,18.0,300.0,24.0,5.0,15.0,0.011896098300253989
1.0,27.0,150.0,24.0,5.0,15.0,0.011896098300253989
1.0,21.0,300.0,24.0,5.0,15.0,0.011896098300253989
1.0,24.0,300.0,24.0,5.0,15.0,0.011896098300253989
1.0,15.0,200.0,24.0,5.0,15.0,0.011896098300253989
1.0,24.0,250.0,24.0,5.0,15.0,0.011896098300253989
1.0,15.0,300.0,24.0,5.0,15.0,0.011896098300253989
1.0,15.0,250.0,24.0,5.0,15.0,0.011896098300253989
1.0,21.0,200.0,24.0,5.0,15.0,0.011896098300253989
1.0,24.0,200.0,24.0,5.0,15.0,0.011896098300253989
1.0,21.0,250.0,24.0,5.0,15.0,0.011896098300253989
1.0,27.0,200.0,24.0,5.0,15.0,0.011896098300253989
1.0,24.0,150.0,23.0,7.0,15.0,0.00464224338629581
1.0,24.0,300.0,23.0,7.0,15.0,0.00464224338629581
1.0,24.0,200.0,23.0,7.0,15.0,0.00464224338629581
1.0,24.0,250.0,23.0,7.0,15.0,0.00464224338629581
1.0,15.0,250.0,23.0,7.0,15.0,0.00464224338629581
1.0,15.0,150.0,23.0,7.0,15.0,0.00464224338629581
1.0,27.0,150.0,23.0,7.0,15.0,0.00464224338629581
1.0,15.0,200.0,23.0,7.0,15.0,0.00464224338629581
1.0,21.0,250.0,23.0,7.0,15.0,0.00464224338629581
1.0,21.0,300.0,23.0,7.0,15.0,0.00464224338629581
1.0,27.0,200.0,23.0,7.0,15.0,0.00464224338629581
1.0,27.0,250.0,23.0,7.0,15.0,0.00464224338629581
1.0,15.0,300.0,23.0,7.0,15.0,0.00464224338629581
1.0,18.0,300.0,23.0,7.0,15.0,0.00464224338629581
1.0,18.0,250.0,23.0,7.0,15.0,0.00464224338629581
1.0,27.0,300.0,23.0,7.0,15.0,0.00464224338629581
1.0,18.0,200.0,23.0,7.0,15.0,0.00464224338629581
1.0,21.0,150.0,23.0,7.0,15.0,0.00464224338629581
1.0,18.0,150.0,23.0,7.0,15.0,0.00464224338629581
1.0,21.0,200.0,23.0,7.0,15.0,0.00464224338629581
1.0,18.0,250.0,21.0,9.0,15.0,0.004450892910201698
1.0,24.0,250.0,21.0,9.0,15.0,0.004450892910201698
1.0,24.0,300.0,21.0,9.0,15.0,0.004450892910201698
1.0,18.0,200.0,21.0,9.0,15.0,0.004450892910201698
1.0,15.0,200.0,21.0,9.0,15.0,0.004450892910201698
1.0,24.0,200.0,21.0,9.0,15.0,0.004450892910201698
1.0,18.0,300.0,21.0,9.0,15.0,0.004450892910201698
1.0,15.0,150.0,21.0,9.0,15.0,0.004450892910201698
1.0,21.0,300.0,21.0,9.0,15.0,0.004450892910201698
1.0,21.0,250.0,21.0,9.0,15.0,0.004450892910201698
1.0,21.0,200.0,21.0,9.0,15.0,0.004450892910201698
1.0,21.0,150.0,21.0,9.0,15.0,0.004450892910201698
1.0,27.0,300.0,21.0,9.0,15.0,0.004450892910201698
1.0,24.0,150.0,21.0,9.0,15.0,0.004450892910201698
1.0,18.0,150.0,21.0,9.0,15.0,0.004450892910201698
1.0,15.0,300.0,21.0,9.0,15.0,0.004450892910201698
1.0,15.0,250.0,21.0,9.0,15.0,0.004450892910201698
1.0,27.0,250.0,21.0,9.0,15.0,0.004450892910201698
1.0,27.0,200.0,21.0,9.0,15.0,0.004450892910201698
1.0,27.0,150.0,21.0,9.0,15.0,0.004450892910201698
1.0,18.0,150.0,22.0,9.0,15.0,0.0011469686623330174
1.0,27.0,200.0,22.0,9.0,15.0,0.0011469686623330174
1.0,21.0,300.0,22.0,9.0,15.0,0.0011469686623330174
1.0,27.0,250.0,22.0,9.0,15.0,0.0011469686623330174
1.0,15.0,200.0,22.0,9.0,15.0,0.0011469686623330174
1.0,21.0,250.0,22.0,9.0,15.0,0.0011469686623330174
1.0,15.0,250.0,22.0,9.0,15.0,0.0011469686623330174
1.0,15.0,150.0,22.0,9.0,15.0,0.0011469686623330174
1.0,15.0,300.0,22.0,9.0,15.0,0.0011469686623330174
1.0,18.0,250.0,22.0,9.0,15.0,0.0011469686623330174
1.0,24.0,200.0,22.0,9.0,15.0,0.0011469686623330174
1.0,24.0,300.0,22.0,9.0,15.0,0.0011469686623330174
1.0,18.0,300.0,22.0,9.0,15.0,0.0011469686623330174
1.0,18.0,200.0,22.0,9.0,15.0,0.0011469686623330174
1.0,27.0,300.0,22.0,9.0,15.0,0.0011469686623330174
1.0,21.0,200.0,22.0,9.0,15.0,0.0011469686623330174
1.0,21.0,150.0,22.0,9.0,15.0,0.0011469686623330174
1.0,27.0,150.0,22.0,9.0,15.0,0.0011469686623330174
1.0,24.0,250.0,22.0,9.0,15.0,0.0011469686623330174
1.0,24.0,150.0,22.0,9.0,15.0,0.0011469686623330174
1.0,15.0,200.0,24.0,7.0,15.0,0.0010818921266682463
1.0,24.0,150.0,24.0,7.0,15.0,0.0010818921266682463
1.0,24.0,300.0,24.0,7.0,15.0,0.0010818921266682463
1.0,21.0,200.0,24.0,7.0,15.0,0.0010818921266682463
1.0,15.0,300.0,24.0,7.0,15.0,0.0010818921266682463
1.0,21.0,150.0,24.0,7.0,15.0,0.0010818921266682463
1.0,15.0,150.0,24.0,7.0,15.0,0.0010818921266682463
1.0,15.0,250.0,24.0,7.0,15.0,0.0010818921266682463
1.0,24.0,200.0,24.0,7.0,15.0,0.0010818921266682463
1.0,21.0,300.0,24.0,7.0,15.0,0.0010818921266682463
1.0,18.0,250.0,24.0,7.0,15.0,0.0010818921266682463
1.0,21.0,250.0,24.0,7.0,15.0,0.0010818921266682463
1.0,27.0,150.0,24.0,7.0,15.0,0.0010818921266682463
1.0,18.0,200.0,24.0,7.0,15.0,0.0010818921266682463
1.0,24.0,250.0,24.0,7.0,15.0,0.0010818921266682463
1.0,27.0,300.0,24.0,7.0,15.0,0.0010818921266682463
1.0,18.0,150.0,24.0,7.0,15.0,0.0010818921266682463
1.0,27.0,200.0,24.0,7.0,15.0,0.0010818921266682463
1.0,27.0,250.0,24.0,7.0,15.0,0.0010818921266682463
1.0,18.0,300.0,24.0,7.0,15.0,0.0010818921266682463
1.0,18.0,300.0,24.0,9.0,15.0,0.0005527915975677171
1.0,21.0,200.0,23.0,9.0,15.0,0.0005527915975677171
1.0,18.0,150.0,23.0,9.0,15.0,0.0005527915975677171
1.0,21.0,150.0,23.0,9.0,15.0,0.0005527915975677171
1.0,21.0,150.0,24.0,9.0,15.0,0.0005527915975677171
1.0,21.0,250.0,24.0,9.0,15.0,0.0005527915975677171
1.0,21.0,250.0,23.0,9.0,15.0,0.0005527915975677171
1.0,27.0,150.0,23.0,9.0,15.0,0.0005527915975677171
1.0,15.0,300.0,23.0,9.0,15.0,0.0005527915975677171
1.0,27.0,150.0,24.0,9.0,15.0,0.0005527915975677171
1.0,21.0,200.0,24.0,9.0,15.0,0.0005527915975677171
1.0,18.0,150.0,24.0,9.0,15.0,0.0005527915975677171
1.0,24.0,150.0,24.0,9.0,15.0,0.0005527915975677171
1.0,18.0,300.0,23.0,9.0,15.0,0.0005527915975677171
1.0,27.0,250.0,23.0,9.0,15.0,0.0005527915975677171
1.0,24.0,150.0,23.0,9.0,15.0,0.0005527915975677171
1.0,27.0,300.0,23.0,9.0,15.0,0.0005527915975677171
1.0,27.0,300.0,24.0,9.0,15.0,0.0005527915975677171
1.0,18.0,200.0,23.0,9.0,15.0,0.0005527915975677171
1.0,24.0,200.0,23.0,9.0,15.0,0.0005527915975677171
1.0,18.0,200.0,24.0,9.0,15.0,0.0005527915975677171
1.0,24.0,200.0,24.0,9.0,15.0,0.0005527915975677171
1.0,21.0,300.0,24.0,9.0,15.0,0.0005527915975677171
1.0,27.0,250.0,24.0,9.0,15.0,0.0005527915975677171
1.0,24.0,250.0,23.0,9.0,15.0,0.0005527915975677171
1.0,24.0,250.0,24.0,9.0,15.0,0.0005527915975677171
1.0,18.0,250.0,23.0,9.0,15.0,0.0005527915975677171
1.0,15.0,150.0,23.0,9.0,15.0,0.0005527915975677171
1.0,15.0,300.0,24.0,9.0,15.0,0.0005527915975677171
1.0,24.0,300.0,23.0,9.0,15.0,0.0005527915975677171
1.0,24.0,300.0,24.0,9.0,15.0,0.0005527915975677171
1.0,15.0,200.0,24.0,9.0,15.0,0.0005527915975677171
1.0,15.0,250.0,23.0,9.0,15.0,0.0005527915975677171
1.0,15.0,200.0,23.0,9.0,15.0,0.0005527915975677171
1.0,15.0,250.0,24.0,9.0,15.0,0.0005527915975677171
1.0,21.0,300.0,23.0,9.0,15.0,0.0005527915975677171
1.0,27.0,200.0,24.0,9.0,15.0,0.0005527915975677171
1.0,27.0,200.0,23.0,9.0,15.0,0.0005527915975677171
1.0,15.0,150.0,24.0,9.0,15.0,0.0005527915975677171
1.0,18.0,250.0,24.0,9.0,15.0,0.0005527915975677171
